2026.04.14 16:16:27 INFO  Started: Metals version 1.6.7 in folders '/home/notebook/Documentos/gdsi/GestorAlquileres' for client Visual Studio Code 1.114.0.[0m
2026.04.14 16:16:27 INFO  Memory monitor started[0m
2026.04.14 16:16:28 WARN  Using H2 2.4.240 which is newer than the version Flyway has been verified with. The latest verified version of H2 is 2.3.232.[0m
2026.04.14 16:16:28 INFO  no build target found for /home/notebook/Documentos/gdsi/GestorAlquileres/backend/src/main/java/com/gestion/tpbackend/controller/EdificioController.java. Using fallback presentation compiler.[0m
abr 14, 2026 4:18:54 P. M. org.eclipse.lsp4j.jsonrpc.services.GenericEndpoint notify
INFORMACIÓN: Unsupported notification method: $/setTrace
2026.04.14 16:20:47 INFO  no build target found for /home/notebook/Documentos/gdsi/GestorAlquileres/backend/src/main/java/com/gestion/tpbackend/service/UsuarioService.java. Using fallback presentation compiler.[0m
2026.04.14 16:22:20 INFO  no build target found for /home/notebook/Documentos/gdsi/GestorAlquileres/backend/src/main/java/com/gestion/tpbackend/service/EdificioService.java. Using fallback presentation compiler.[0m
2026.04.14 16:22:39 INFO  no build target found for /home/notebook/Documentos/gdsi/GestorAlquileres/backend/src/main/java/com/gestion/tpbackend/service/UsuarioService.java. Using fallback presentation compiler.[0m
2026.04.14 16:23:43 INFO  no build target found for /home/notebook/Documentos/gdsi/GestorAlquileres/backend/src/main/java/com/gestion/tpbackend/service/UsuarioService.java. Using fallback presentation compiler.[0m
2026.04.14 16:23:47 INFO  no build target found for /home/notebook/Documentos/gdsi/GestorAlquileres/backend/src/main/java/com/gestion/tpbackend/service/UsuarioService.java. Using fallback presentation compiler.[0m
2026.04.14 16:25:19 INFO  no build target found for /home/notebook/Documentos/gdsi/GestorAlquileres/backend/src/main/java/com/gestion/tpbackend/service/EdificioService.java. Using fallback presentation compiler.[0m
2026.04.14 16:26:51 INFO  no build target found for /home/notebook/Documentos/gdsi/GestorAlquileres/backend/src/main/java/com/gestion/tpbackend/service/UsuarioService.java. Using fallback presentation compiler.[0m
2026.04.14 16:29:53 INFO  no build target found for /home/notebook/Documentos/gdsi/GestorAlquileres/backend/src/main/java/com/gestion/tpbackend/service/UsuarioService.java. Using fallback presentation compiler.[0m
2026.04.14 16:30:32 INFO  no build target found for /home/notebook/Documentos/gdsi/GestorAlquileres/backend/src/main/java/com/gestion/tpbackend/repository/UnidadRepository.java. Using fallback presentation compiler.[0m
2026.04.14 16:31:30 INFO  no build target found for /home/notebook/Documentos/gdsi/GestorAlquileres/backend/src/main/java/com/gestion/tpbackend/repository/EdificioRepository.java. Using fallback presentation compiler.[0m
2026.04.14 16:31:32 INFO  no build target found for /home/notebook/Documentos/gdsi/GestorAlquileres/backend/src/main/java/com/gestion/tpbackend/repository/UsuarioRepository.java. Using fallback presentation compiler.[0m
2026.04.14 16:31:42 INFO  no build target found for /home/notebook/Documentos/gdsi/GestorAlquileres/backend/src/main/java/com/gestion/tpbackend/repository/ContratoRepository.java. Using fallback presentation compiler.[0m
2026.04.14 16:31:42 INFO  no build target found for /home/notebook/Documentos/gdsi/GestorAlquileres/backend/src/main/java/com/gestion/tpbackend/repository/ContratoRepository.java. Using fallback presentation compiler.[0m
2026.04.14 16:31:43 WARN  no build target for: /home/notebook/Documentos/gdsi/GestorAlquileres/backend/src/main/java/com/gestion/tpbackend/repository/ContratoRepository.java[0m
2026.04.14 16:31:46 INFO  no build target found for /home/notebook/Documentos/gdsi/GestorAlquileres/backend/src/main/java/com/gestion/tpbackend/repository/UsuarioRepository.java. Using fallback presentation compiler.[0m
2026.04.14 16:31:47 INFO  no build target found for /home/notebook/Documentos/gdsi/GestorAlquileres/backend/src/main/java/com/gestion/tpbackend/repository/ContratoRepository.java. Using fallback presentation compiler.[0m
2026.04.14 16:31:47 INFO  no build target found for /home/notebook/Documentos/gdsi/GestorAlquileres/backend/src/main/java/com/gestion/tpbackend/repository/ContratoRepository.java. Using fallback presentation compiler.[0m
2026.04.14 16:31:47 INFO  no build target found for /home/notebook/Documentos/gdsi/GestorAlquileres/backend/src/main/java/com/gestion/tpbackend/repository/UsuarioRepository.java. Using fallback presentation compiler.[0m
2026.04.14 16:31:48 INFO  no build target found for /home/notebook/Documentos/gdsi/GestorAlquileres/backend/src/main/java/com/gestion/tpbackend/repository/ContratoRepository.java. Using fallback presentation compiler.[0m
2026.04.14 16:31:48 INFO  no build target found for /home/notebook/Documentos/gdsi/GestorAlquileres/backend/src/main/java/com/gestion/tpbackend/repository/ContratoRepository.java. Using fallback presentation compiler.[0m
2026.04.14 16:31:48 INFO  no build target found for /home/notebook/Documentos/gdsi/GestorAlquileres/backend/src/main/java/com/gestion/tpbackend/repository/UsuarioRepository.java. Using fallback presentation compiler.[0m
2026.04.14 16:31:48 INFO  no build target found for /home/notebook/Documentos/gdsi/GestorAlquileres/backend/src/main/java/com/gestion/tpbackend/repository/ContratoRepository.java. Using fallback presentation compiler.[0m
2026.04.14 16:31:49 INFO  no build target found for /home/notebook/Documentos/gdsi/GestorAlquileres/backend/src/main/java/com/gestion/tpbackend/repository/ContratoRepository.java. Using fallback presentation compiler.[0m
2026.04.14 16:31:51 INFO  no build target found for /home/notebook/Documentos/gdsi/GestorAlquileres/backend/src/main/java/com/gestion/tpbackend/repository/UsuarioRepository.java. Using fallback presentation compiler.[0m
2026.04.14 16:31:52 INFO  no build target found for /home/notebook/Documentos/gdsi/GestorAlquileres/backend/src/main/java/com/gestion/tpbackend/repository/ContratoRepository.java. Using fallback presentation compiler.[0m
2026.04.14 16:31:52 INFO  no build target found for /home/notebook/Documentos/gdsi/GestorAlquileres/backend/src/main/java/com/gestion/tpbackend/repository/ContratoRepository.java. Using fallback presentation compiler.[0m
2026.04.14 16:32:48 INFO  no build target found for /home/notebook/Documentos/gdsi/GestorAlquileres/backend/src/main/java/com/gestion/tpbackend/entity/Contrato.java. Using fallback presentation compiler.[0m
2026.04.14 16:32:48 INFO  no build target found for /home/notebook/Documentos/gdsi/GestorAlquileres/backend/src/main/java/com/gestion/tpbackend/entity/Contrato.java. Using fallback presentation compiler.[0m
2026.04.14 16:32:48 INFO  no build target found for /home/notebook/Documentos/gdsi/GestorAlquileres/backend/src/main/java/com/gestion/tpbackend/entity/Contrato.java. Using fallback presentation compiler.[0m
2026.04.14 16:32:49 WARN  no build target for: /home/notebook/Documentos/gdsi/GestorAlquileres/backend/src/main/java/com/gestion/tpbackend/entity/Contrato.java[0m
2026.04.14 16:32:54 INFO  no build target found for /home/notebook/Documentos/gdsi/GestorAlquileres/backend/src/main/java/com/gestion/tpbackend/service/UsuarioService.java. Using fallback presentation compiler.[0m
2026.04.14 16:33:03 INFO  no build target found for /home/notebook/Documentos/gdsi/GestorAlquileres/backend/src/main/java/com/gestion/tpbackend/entity/Contrato.java. Using fallback presentation compiler.[0m
2026.04.14 16:33:04 INFO  no build target found for /home/notebook/Documentos/gdsi/GestorAlquileres/backend/src/main/java/com/gestion/tpbackend/entity/Contrato.java. Using fallback presentation compiler.[0m
2026.04.14 16:33:04 INFO  no build target found for /home/notebook/Documentos/gdsi/GestorAlquileres/backend/src/main/java/com/gestion/tpbackend/entity/Contrato.java. Using fallback presentation compiler.[0m
2026.04.14 16:33:03 INFO  no build target found for /home/notebook/Documentos/gdsi/GestorAlquileres/backend/src/main/java/com/gestion/tpbackend/entity/Contrato.java. Using fallback presentation compiler.[0m
2026.04.14 16:33:04 INFO  no build target found for /home/notebook/Documentos/gdsi/GestorAlquileres/backend/src/main/java/com/gestion/tpbackend/entity/Contrato.java. Using fallback presentation compiler.[0m
2026.04.14 16:33:04 INFO  no build target found for /home/notebook/Documentos/gdsi/GestorAlquileres/backend/src/main/java/com/gestion/tpbackend/entity/Contrato.java. Using fallback presentation compiler.[0m
2026.04.14 16:33:05 INFO  no build target found for /home/notebook/Documentos/gdsi/GestorAlquileres/backend/src/main/java/com/gestion/tpbackend/entity/Contrato.java. Using fallback presentation compiler.[0m
2026.04.14 16:33:04 INFO  no build target found for /home/notebook/Documentos/gdsi/GestorAlquileres/backend/src/main/java/com/gestion/tpbackend/entity/Contrato.java. Using fallback presentation compiler.[0m
2026.04.14 16:33:25 INFO  no build target found for /home/notebook/Documentos/gdsi/GestorAlquileres/backend/src/main/java/com/gestion/tpbackend/entity/Contrato.java. Using fallback presentation compiler.[0m
2026.04.14 16:33:27 INFO  no build target found for /home/notebook/Documentos/gdsi/GestorAlquileres/backend/src/main/java/com/gestion/tpbackend/service/ContraroService.java. Using fallback presentation compiler.[0m
2026.04.14 16:33:27 INFO  no build target found for /home/notebook/Documentos/gdsi/GestorAlquileres/backend/src/main/java/com/gestion/tpbackend/service/ContraroService.java. Using fallback presentation compiler.[0m
2026.04.14 16:33:28 WARN  no build target for: /home/notebook/Documentos/gdsi/GestorAlquileres/backend/src/main/java/com/gestion/tpbackend/service/ContraroService.java[0m
2026.04.14 16:33:29 INFO  no build target found for /home/notebook/Documentos/gdsi/GestorAlquileres/backend/src/main/java/com/gestion/tpbackend/entity/Contrato.java. Using fallback presentation compiler.[0m
2026.04.14 16:33:29 INFO  no build target found for /home/notebook/Documentos/gdsi/GestorAlquileres/backend/src/main/java/com/gestion/tpbackend/entity/Contrato.java. Using fallback presentation compiler.[0m
2026.04.14 16:33:32 INFO  no build target found for /home/notebook/Documentos/gdsi/GestorAlquileres/backend/src/main/java/com/gestion/tpbackend/repository/UnidadRepository.java. Using fallback presentation compiler.[0m
2026.04.14 16:33:34 INFO  no build target found for /home/notebook/Documentos/gdsi/GestorAlquileres/backend/src/main/java/com/gestion/tpbackend/entity/Contrato.java. Using fallback presentation compiler.[0m
2026.04.14 16:33:35 INFO  no build target found for /home/notebook/Documentos/gdsi/GestorAlquileres/backend/src/main/java/com/gestion/tpbackend/entity/Contrato.java. Using fallback presentation compiler.[0m
2026.04.14 16:33:35 INFO  no build target found for /home/notebook/Documentos/gdsi/GestorAlquileres/backend/src/main/java/com/gestion/tpbackend/entity/Contrato.java. Using fallback presentation compiler.[0m
2026.04.14 16:33:35 INFO  no build target found for /home/notebook/Documentos/gdsi/GestorAlquileres/backend/src/main/java/com/gestion/tpbackend/entity/Contrato.java. Using fallback presentation compiler.[0m
2026.04.14 16:33:37 WARN  no build target for: /home/notebook/Documentos/gdsi/GestorAlquileres/backend/src/main/java/com/gestion/tpbackend/entity/Contrato.java[0m
2026.04.14 16:33:37 INFO  no build target found for /home/notebook/Documentos/gdsi/GestorAlquileres/backend/src/main/java/com/gestion/tpbackend/entity/Contrato.java. Using fallback presentation compiler.[0m
2026.04.14 16:33:37 INFO  no build target found for /home/notebook/Documentos/gdsi/GestorAlquileres/backend/src/main/java/com/gestion/tpbackend/entity/Contrato.java. Using fallback presentation compiler.[0m
2026.04.14 16:33:37 INFO  Created report: Optional[file:///home/notebook/Documentos/gdsi/GestorAlquileres/backend/src/main/java/com/gestion/tpbackend/entity/Contrato.java][0m
2026.04.14 16:33:37 INFO  empty definition using pc, found symbol in pc: java/time/LocalDateTime# (full report at: "/home/notebook/Documentos/gdsi/GestorAlquileres/.metals/.reports/metals-full/2026-04-14/r_empty-definition_16-33-37-327.md")[0m
2026.04.14 16:34:04 INFO  no build target found for /home/notebook/Documentos/gdsi/GestorAlquileres/backend/src/main/java/com/gestion/tpbackend/controller/ContratoController.java. Using fallback presentation compiler.[0m
2026.04.14 16:34:04 INFO  no build target found for /home/notebook/Documentos/gdsi/GestorAlquileres/backend/src/main/java/com/gestion/tpbackend/controller/ContratoController.java. Using fallback presentation compiler.[0m
2026.04.14 16:34:05 WARN  no build target for: /home/notebook/Documentos/gdsi/GestorAlquileres/backend/src/main/java/com/gestion/tpbackend/controller/ContratoController.java[0m
2026.04.14 16:34:23 INFO  no build target found for /home/notebook/Documentos/gdsi/GestorAlquileres/backend/src/main/java/com/gestion/tpbackend/repository/ContratoRepository.java. Using fallback presentation compiler.[0m
2026.04.14 16:34:23 WARN  no build target for: /home/notebook/Documentos/gdsi/GestorAlquileres/backend/src/main/java/com/gestion/tpbackend/repository/ContratoRepository.java[0m
2026.04.14 16:34:23 INFO  no build target found for /home/notebook/Documentos/gdsi/GestorAlquileres/backend/src/main/java/com/gestion/tpbackend/repository/ContratoRepository.java. Using fallback presentation compiler.[0m
2026.04.14 16:34:26 INFO  no build target found for /home/notebook/Documentos/gdsi/GestorAlquileres/backend/src/main/java/com/gestion/tpbackend/entity/Contrato.java. Using fallback presentation compiler.[0m
2026.04.14 16:34:26 WARN  no build target for: /home/notebook/Documentos/gdsi/GestorAlquileres/backend/src/main/java/com/gestion/tpbackend/entity/Contrato.java[0m
2026.04.14 16:34:26 INFO  no build target found for /home/notebook/Documentos/gdsi/GestorAlquileres/backend/src/main/java/com/gestion/tpbackend/entity/Contrato.java. Using fallback presentation compiler.[0m
2026.04.14 16:34:28 INFO  no build target found for /home/notebook/Documentos/gdsi/GestorAlquileres/backend/src/main/java/com/gestion/tpbackend/entity/Contrato.java. Using fallback presentation compiler.[0m
2026.04.14 16:34:30 INFO  no build target found for /home/notebook/Documentos/gdsi/GestorAlquileres/backend/src/main/java/com/gestion/tpbackend/repository/EdificioRepository.java. Using fallback presentation compiler.[0m
2026.04.14 16:34:31 INFO  no build target found for /home/notebook/Documentos/gdsi/GestorAlquileres/backend/src/main/java/com/gestion/tpbackend/repository/UsuarioRepository.java. Using fallback presentation compiler.[0m
2026.04.14 16:34:33 INFO  no build target found for /home/notebook/Documentos/gdsi/GestorAlquileres/backend/src/main/java/com/gestion/tpbackend/controller/ContratoController.java. Using fallback presentation compiler.[0m
2026.04.14 16:34:33 WARN  no build target for: /home/notebook/Documentos/gdsi/GestorAlquileres/backend/src/main/java/com/gestion/tpbackend/controller/ContratoController.java[0m
2026.04.14 16:34:33 INFO  no build target found for /home/notebook/Documentos/gdsi/GestorAlquileres/backend/src/main/java/com/gestion/tpbackend/controller/ContratoController.java. Using fallback presentation compiler.[0m
2026.04.14 16:34:40 INFO  no build target found for /home/notebook/Documentos/gdsi/GestorAlquileres/backend/src/main/java/com/gestion/tpbackend/service/ContraroService.java. Using fallback presentation compiler.[0m
2026.04.14 16:34:40 INFO  no build target found for /home/notebook/Documentos/gdsi/GestorAlquileres/backend/src/main/java/com/gestion/tpbackend/service/ContraroService.java. Using fallback presentation compiler.[0m
2026.04.14 16:34:41 INFO  no build target found for /home/notebook/Documentos/gdsi/GestorAlquileres/backend/src/main/java/com/gestion/tpbackend/repository/ContratoRepository.java. Using fallback presentation compiler.[0m
2026.04.14 16:34:41 INFO  no build target found for /home/notebook/Documentos/gdsi/GestorAlquileres/backend/src/main/java/com/gestion/tpbackend/controller/ContratoController.java. Using fallback presentation compiler.[0m
2026.04.14 16:34:41 INFO  no build target found for /home/notebook/Documentos/gdsi/GestorAlquileres/backend/src/main/java/com/gestion/tpbackend/controller/ContratoController.java. Using fallback presentation compiler.[0m
2026.04.14 16:34:59 INFO  no build target found for /home/notebook/Documentos/gdsi/GestorAlquileres/backend/src/main/java/com/gestion/tpbackend/service/ContraroService.java. Using fallback presentation compiler.[0m
2026.04.14 16:34:59 INFO  no build target found for /home/notebook/Documentos/gdsi/GestorAlquileres/backend/src/main/java/com/gestion/tpbackend/service/ContraroService.java. Using fallback presentation compiler.[0m
2026.04.14 16:35:10 INFO  no build target found for /home/notebook/Documentos/gdsi/GestorAlquileres/backend/src/main/java/com/gestion/tpbackend/service/ContratoService.java. Using fallback presentation compiler.[0m
2026.04.14 16:35:10 INFO  no build target found for /home/notebook/Documentos/gdsi/GestorAlquileres/backend/src/main/java/com/gestion/tpbackend/service/ContratoService.java. Using fallback presentation compiler.[0m
2026.04.14 16:35:47 INFO  no build target found for /home/notebook/Documentos/gdsi/GestorAlquileres/backend/src/main/java/com/gestion/tpbackend/entity/Contrato.java. Using fallback presentation compiler.[0m
2026.04.14 16:36:26 INFO  no build target found for /home/notebook/Documentos/gdsi/GestorAlquileres/backend/src/main/java/com/gestion/tpbackend/service/ContraroService.java. Using fallback presentation compiler.[0m
2026.04.14 16:36:58 INFO  no build target found for /home/notebook/Documentos/gdsi/GestorAlquileres/backend/src/main/java/com/gestion/tpbackend/controller/ContratoController.java. Using fallback presentation compiler.[0m
2026.04.14 16:38:09 INFO  no build target found for /home/notebook/Documentos/gdsi/GestorAlquileres/backend/src/main/java/com/gestion/tpbackend/service/ContratoService.java. Using fallback presentation compiler.[0m
2026.04.14 16:43:18 INFO  no build target found for /home/notebook/Documentos/gdsi/GestorAlquileres/backend/src/main/java/com/gestion/tpbackend/controller/ContratoController.java. Using fallback presentation compiler.[0m
2026.04.14 16:43:18 INFO  no build target found for /home/notebook/Documentos/gdsi/GestorAlquileres/backend/src/main/java/com/gestion/tpbackend/controller/ContratoController.java. Using fallback presentation compiler.[0m
2026.04.14 16:43:20 INFO  no build target found for /home/notebook/Documentos/gdsi/GestorAlquileres/backend/src/main/java/com/gestion/tpbackend/controller/ContratoController.java. Using fallback presentation compiler.[0m
2026.04.14 16:43:23 INFO  no build target found for /home/notebook/Documentos/gdsi/GestorAlquileres/backend/src/main/java/com/gestion/tpbackend/controller/ContratoController.java. Using fallback presentation compiler.[0m
2026.04.14 16:43:23 INFO  no build target found for /home/notebook/Documentos/gdsi/GestorAlquileres/backend/src/main/java/com/gestion/tpbackend/controller/AuthController.java. Using fallback presentation compiler.[0m
2026.04.14 16:43:23 INFO  no build target found for /home/notebook/Documentos/gdsi/GestorAlquileres/backend/src/main/java/com/gestion/tpbackend/controller/AuthController.java. Using fallback presentation compiler.[0m
2026.04.14 16:43:23 INFO  no build target found for /home/notebook/Documentos/gdsi/GestorAlquileres/backend/src/main/java/com/gestion/tpbackend/controller/AuthController.java. Using fallback presentation compiler.[0m
2026.04.14 16:43:31 INFO  no build target found for /home/notebook/Documentos/gdsi/GestorAlquileres/backend/src/main/java/com/gestion/tpbackend/repository/ContratoRepository.java. Using fallback presentation compiler.[0m
2026.04.14 16:43:31 INFO  no build target found for /home/notebook/Documentos/gdsi/GestorAlquileres/backend/src/main/java/com/gestion/tpbackend/repository/ContratoRepository.java. Using fallback presentation compiler.[0m
2026.04.14 16:43:50 INFO  no build target found for /home/notebook/Documentos/gdsi/GestorAlquileres/backend/src/main/java/com/gestion/tpbackend/repository/ContratoRepository.java. Using fallback presentation compiler.[0m
2026.04.14 16:43:50 INFO  no build target found for /home/notebook/Documentos/gdsi/GestorAlquileres/backend/src/main/java/com/gestion/tpbackend/controller/ContratoController.java. Using fallback presentation compiler.[0m
2026.04.14 16:43:50 INFO  no build target found for /home/notebook/Documentos/gdsi/GestorAlquileres/backend/src/main/java/com/gestion/tpbackend/controller/ContratoController.java. Using fallback presentation compiler.[0m
2026.04.14 16:44:05 INFO  no build target found for /home/notebook/Documentos/gdsi/GestorAlquileres/backend/src/main/java/com/gestion/tpbackend/controller/ContratoController.java. Using fallback presentation compiler.[0m
2026.04.14 16:44:27 INFO  no build target found for /home/notebook/Documentos/gdsi/GestorAlquileres/backend/src/main/java/com/gestion/tpbackend/service/ContratoService.java. Using fallback presentation compiler.[0m
2026.04.14 16:44:27 INFO  no build target found for /home/notebook/Documentos/gdsi/GestorAlquileres/backend/src/main/java/com/gestion/tpbackend/service/ContratoService.java. Using fallback presentation compiler.[0m
2026.04.14 16:44:27 INFO  no build target found for /home/notebook/Documentos/gdsi/GestorAlquileres/backend/src/main/java/com/gestion/tpbackend/service/ContratoService.java. Using fallback presentation compiler.[0m
2026.04.14 16:44:27 INFO  no build target found for /home/notebook/Documentos/gdsi/GestorAlquileres/backend/src/main/java/com/gestion/tpbackend/service/ContratoService.java. Using fallback presentation compiler.[0m
2026.04.14 16:44:29 INFO  no build target found for /home/notebook/Documentos/gdsi/GestorAlquileres/backend/src/main/java/com/gestion/tpbackend/service/ContratoService.java. Using fallback presentation compiler.[0m
2026.04.14 16:44:29 INFO  no build target found for /home/notebook/Documentos/gdsi/GestorAlquileres/backend/src/main/java/com/gestion/tpbackend/service/ContratoService.java. Using fallback presentation compiler.[0m
2026.04.14 16:44:29 INFO  Created report: Optional[file:///home/notebook/Documentos/gdsi/GestorAlquileres/backend/src/main/java/com/gestion/tpbackend/service/ContratoService.java][0m
2026.04.14 16:44:29 INFO  empty definition using pc, found symbol in pc: _empty_/MetodoPago#TARJETA# (full report at: "/home/notebook/Documentos/gdsi/GestorAlquileres/.metals/.reports/metals-full/2026-04-14/r_empty-definition_16-44-29-110.md")[0m
2026.04.14 16:44:30 INFO  no build target found for /home/notebook/Documentos/gdsi/GestorAlquileres/backend/src/main/java/com/gestion/tpbackend/entity/Contrato.java. Using fallback presentation compiler.[0m
2026.04.14 16:44:30 INFO  no build target found for /home/notebook/Documentos/gdsi/GestorAlquileres/backend/src/main/java/com/gestion/tpbackend/entity/Contrato.java. Using fallback presentation compiler.[0m
2026.04.14 16:44:31 INFO  no build target found for /home/notebook/Documentos/gdsi/GestorAlquileres/backend/src/main/java/com/gestion/tpbackend/entity/Contrato.java. Using fallback presentation compiler.[0m
2026.04.14 16:44:43 INFO  no build target found for /home/notebook/Documentos/gdsi/GestorAlquileres/backend/src/main/java/com/gestion/tpbackend/service/ContratoService.java. Using fallback presentation compiler.[0m
2026.04.14 16:44:43 INFO  no build target found for /home/notebook/Documentos/gdsi/GestorAlquileres/backend/src/main/java/com/gestion/tpbackend/service/ContratoService.java. Using fallback presentation compiler.[0m
2026.04.14 16:44:44 INFO  no build target found for /home/notebook/Documentos/gdsi/GestorAlquileres/backend/src/main/java/com/gestion/tpbackend/service/ContratoService.java. Using fallback presentation compiler.[0m
2026.04.14 16:44:43 INFO  no build target found for /home/notebook/Documentos/gdsi/GestorAlquileres/backend/src/main/java/com/gestion/tpbackend/service/ContratoService.java. Using fallback presentation compiler.[0m
2026.04.14 16:44:44 INFO  no build target found for /home/notebook/Documentos/gdsi/GestorAlquileres/backend/src/main/java/com/gestion/tpbackend/service/ContratoService.java. Using fallback presentation compiler.[0m
2026.04.14 16:44:44 INFO  no build target found for /home/notebook/Documentos/gdsi/GestorAlquileres/backend/src/main/java/com/gestion/tpbackend/service/ContratoService.java. Using fallback presentation compiler.[0m
2026.04.14 16:44:44 INFO  no build target found for /home/notebook/Documentos/gdsi/GestorAlquileres/backend/src/main/java/com/gestion/tpbackend/service/ContratoService.java. Using fallback presentation compiler.[0m
2026.04.14 16:44:44 INFO  empty definition using pc, found symbol in pc: _empty_/MetodoPago#TARJETA# (full report at: "/home/notebook/Documentos/gdsi/GestorAlquileres/.metals/.reports/metals-full/2026-04-14/r_empty-definition_16-44-29-110.md")[0m
2026.04.14 16:44:44 INFO  Created report: Optional[file:///home/notebook/Documentos/gdsi/GestorAlquileres/backend/src/main/java/com/gestion/tpbackend/service/ContratoService.java][0m
2026.04.14 16:44:44 INFO  empty definition using pc, found symbol in pc: _empty_/MetodoPago# (full report at: "/home/notebook/Documentos/gdsi/GestorAlquileres/.metals/.reports/metals-full/2026-04-14/r_empty-definition_16-44-44-635.md")[0m
2026.04.14 16:44:44 INFO  no build target found for /home/notebook/Documentos/gdsi/GestorAlquileres/backend/src/main/java/com/gestion/tpbackend/service/ContratoService.java. Using fallback presentation compiler.[0m
2026.04.14 16:44:48 INFO  no build target found for /home/notebook/Documentos/gdsi/GestorAlquileres/backend/src/main/java/com/gestion/tpbackend/repository/ContratoRepository.java. Using fallback presentation compiler.[0m
2026.04.14 16:44:48 INFO  no build target found for /home/notebook/Documentos/gdsi/GestorAlquileres/backend/src/main/java/com/gestion/tpbackend/repository/ContratoRepository.java. Using fallback presentation compiler.[0m
2026.04.14 16:44:58 INFO  no build target found for /home/notebook/Documentos/gdsi/GestorAlquileres/backend/src/main/java/com/gestion/tpbackend/repository/ContratoRepository.java. Using fallback presentation compiler.[0m
2026.04.14 16:44:59 INFO  no build target found for /home/notebook/Documentos/gdsi/GestorAlquileres/backend/src/main/java/com/gestion/tpbackend/controller/ContratoController.java. Using fallback presentation compiler.[0m
2026.04.14 16:44:59 INFO  no build target found for /home/notebook/Documentos/gdsi/GestorAlquileres/backend/src/main/java/com/gestion/tpbackend/controller/ContratoController.java. Using fallback presentation compiler.[0m
2026.04.14 16:44:59 INFO  no build target found for /home/notebook/Documentos/gdsi/GestorAlquileres/backend/src/main/java/com/gestion/tpbackend/controller/ContratoController.java. Using fallback presentation compiler.[0m
2026.04.14 16:45:01 INFO  no build target found for /home/notebook/Documentos/gdsi/GestorAlquileres/backend/src/main/java/com/gestion/tpbackend/controller/ContratoController.java. Using fallback presentation compiler.[0m
2026.04.14 16:46:24 INFO  no build target found for /home/notebook/Documentos/gdsi/GestorAlquileres/backend/src/main/java/com/gestion/tpbackend/controller/AuthController.java. Using fallback presentation compiler.[0m
2026.04.14 16:47:28 INFO  no build target found for /home/notebook/Documentos/gdsi/GestorAlquileres/backend/src/main/java/com/gestion/tpbackend/service/ContratoService.java. Using fallback presentation compiler.[0m
2026.04.14 16:47:30 INFO  no build target found for /home/notebook/Documentos/gdsi/GestorAlquileres/backend/src/main/java/com/gestion/tpbackend/entity/Contrato.java. Using fallback presentation compiler.[0m
2026.04.14 16:47:48 INFO  no build target found for /home/notebook/Documentos/gdsi/GestorAlquileres/backend/src/main/java/com/gestion/tpbackend/repository/ContratoRepository.java. Using fallback presentation compiler.[0m
2026.04.14 16:47:58 INFO  no build target found for /home/notebook/Documentos/gdsi/GestorAlquileres/backend/src/main/java/com/gestion/tpbackend/controller/ContratoController.java. Using fallback presentation compiler.[0m
2026.04.14 16:48:14 INFO  no build target found for /home/notebook/Documentos/gdsi/GestorAlquileres/backend/src/main/java/com/gestion/tpbackend/controller/ContratoController.java. Using fallback presentation compiler.[0m
2026.04.14 16:48:16 INFO  no build target found for /home/notebook/Documentos/gdsi/GestorAlquileres/backend/src/main/java/com/gestion/tpbackend/repository/ContratoRepository.java. Using fallback presentation compiler.[0m
2026.04.14 16:48:16 INFO  no build target found for /home/notebook/Documentos/gdsi/GestorAlquileres/backend/src/main/java/com/gestion/tpbackend/repository/ContratoRepository.java. Using fallback presentation compiler.[0m
2026.04.14 16:48:32 INFO  no build target found for /home/notebook/Documentos/gdsi/GestorAlquileres/backend/src/main/java/com/gestion/tpbackend/entity/Contrato.java. Using fallback presentation compiler.[0m
2026.04.14 16:48:32 INFO  no build target found for /home/notebook/Documentos/gdsi/GestorAlquileres/backend/src/main/java/com/gestion/tpbackend/entity/Contrato.java. Using fallback presentation compiler.[0m
2026.04.14 16:48:35 INFO  no build target found for /home/notebook/Documentos/gdsi/GestorAlquileres/backend/src/main/java/com/gestion/tpbackend/entity/Contrato.java. Using fallback presentation compiler.[0m
2026.04.14 16:48:37 INFO  no build target found for /home/notebook/Documentos/gdsi/GestorAlquileres/backend/src/main/java/com/gestion/tpbackend/entity/Contrato.java. Using fallback presentation compiler.[0m
2026.04.14 16:48:39 INFO  no build target found for /home/notebook/Documentos/gdsi/GestorAlquileres/backend/src/main/java/com/gestion/tpbackend/entity/Contrato.java. Using fallback presentation compiler.[0m
2026.04.14 16:48:45 INFO  no build target found for /home/notebook/Documentos/gdsi/GestorAlquileres/backend/src/main/java/com/gestion/tpbackend/entity/Contrato.java. Using fallback presentation compiler.[0m
2026.04.14 16:48:47 INFO  no build target found for /home/notebook/Documentos/gdsi/GestorAlquileres/backend/src/main/java/com/gestion/tpbackend/entity/Contrato.java. Using fallback presentation compiler.[0m
2026.04.14 16:48:47 INFO  no build target found for /home/notebook/Documentos/gdsi/GestorAlquileres/backend/src/main/java/com/gestion/tpbackend/entity/Contrato.java. Using fallback presentation compiler.[0m
2026.04.14 16:48:48 INFO  no build target found for /home/notebook/Documentos/gdsi/GestorAlquileres/backend/src/main/java/com/gestion/tpbackend/entity/Contrato.java. Using fallback presentation compiler.[0m
2026.04.14 16:48:49 INFO  no build target found for /home/notebook/Documentos/gdsi/GestorAlquileres/backend/src/main/java/com/gestion/tpbackend/entity/Contrato.java. Using fallback presentation compiler.[0m
2026.04.14 16:48:49 INFO  no build target found for /home/notebook/Documentos/gdsi/GestorAlquileres/backend/src/main/java/com/gestion/tpbackend/entity/Contrato.java. Using fallback presentation compiler.[0m
2026.04.14 16:48:49 INFO  no build target found for /home/notebook/Documentos/gdsi/GestorAlquileres/backend/src/main/java/com/gestion/tpbackend/entity/Contrato.java. Using fallback presentation compiler.[0m
2026.04.14 16:48:51 INFO  no build target found for /home/notebook/Documentos/gdsi/GestorAlquileres/backend/src/main/java/com/gestion/tpbackend/entity/Contrato.java. Using fallback presentation compiler.[0m
2026.04.14 16:48:51 INFO  no build target found for /home/notebook/Documentos/gdsi/GestorAlquileres/backend/src/main/java/com/gestion/tpbackend/entity/Contrato.java. Using fallback presentation compiler.[0m
2026.04.14 16:48:52 INFO  no build target found for /home/notebook/Documentos/gdsi/GestorAlquileres/backend/src/main/java/com/gestion/tpbackend/entity/Contrato.java. Using fallback presentation compiler.[0m
2026.04.14 16:48:53 INFO  no build target found for /home/notebook/Documentos/gdsi/GestorAlquileres/backend/src/main/java/com/gestion/tpbackend/entity/Contrato.java. Using fallback presentation compiler.[0m
2026.04.14 16:48:54 INFO  no build target found for /home/notebook/Documentos/gdsi/GestorAlquileres/backend/src/main/java/com/gestion/tpbackend/entity/Contrato.java. Using fallback presentation compiler.[0m
2026.04.14 16:48:54 INFO  no build target found for /home/notebook/Documentos/gdsi/GestorAlquileres/backend/src/main/java/com/gestion/tpbackend/entity/Contrato.java. Using fallback presentation compiler.[0m
2026.04.14 16:48:56 INFO  no build target found for /home/notebook/Documentos/gdsi/GestorAlquileres/backend/src/main/java/com/gestion/tpbackend/entity/Contrato.java. Using fallback presentation compiler.[0m
2026.04.14 16:48:56 INFO  no build target found for /home/notebook/Documentos/gdsi/GestorAlquileres/backend/src/main/java/com/gestion/tpbackend/entity/Contrato.java. Using fallback presentation compiler.[0m
2026.04.14 16:48:58 INFO  no build target found for /home/notebook/Documentos/gdsi/GestorAlquileres/backend/src/main/java/com/gestion/tpbackend/entity/Contrato.java. Using fallback presentation compiler.[0m
2026.04.14 16:49:00 INFO  no build target found for /home/notebook/Documentos/gdsi/GestorAlquileres/backend/src/main/java/com/gestion/tpbackend/entity/Contrato.java. Using fallback presentation compiler.[0m
2026.04.14 16:49:00 INFO  no build target found for /home/notebook/Documentos/gdsi/GestorAlquileres/backend/src/main/java/com/gestion/tpbackend/entity/Contrato.java. Using fallback presentation compiler.[0m
2026.04.14 16:49:02 INFO  no build target found for /home/notebook/Documentos/gdsi/GestorAlquileres/backend/src/main/java/com/gestion/tpbackend/entity/Contrato.java. Using fallback presentation compiler.[0m
2026.04.14 16:49:02 INFO  no build target found for /home/notebook/Documentos/gdsi/GestorAlquileres/backend/src/main/java/com/gestion/tpbackend/entity/Contrato.java. Using fallback presentation compiler.[0m
2026.04.14 16:49:02 INFO  no build target found for /home/notebook/Documentos/gdsi/GestorAlquileres/backend/src/main/java/com/gestion/tpbackend/entity/Contrato.java. Using fallback presentation compiler.[0m
2026.04.14 16:49:06 INFO  no build target found for /home/notebook/Documentos/gdsi/GestorAlquileres/backend/src/main/java/com/gestion/tpbackend/entity/Contrato.java. Using fallback presentation compiler.[0m
2026.04.14 16:49:06 INFO  no build target found for /home/notebook/Documentos/gdsi/GestorAlquileres/backend/src/main/java/com/gestion/tpbackend/entity/Contrato.java. Using fallback presentation compiler.[0m
2026.04.14 16:49:10 INFO  no build target found for /home/notebook/Documentos/gdsi/GestorAlquileres/backend/src/main/java/com/gestion/tpbackend/entity/Contrato.java. Using fallback presentation compiler.[0m
2026.04.14 16:49:13 INFO  no build target found for /home/notebook/Documentos/gdsi/GestorAlquileres/backend/src/main/java/com/gestion/tpbackend/entity/Contrato.java. Using fallback presentation compiler.[0m
2026.04.14 16:49:13 INFO  no build target found for /home/notebook/Documentos/gdsi/GestorAlquileres/backend/src/main/java/com/gestion/tpbackend/entity/Contrato.java. Using fallback presentation compiler.[0m
2026.04.14 16:49:15 INFO  no build target found for /home/notebook/Documentos/gdsi/GestorAlquileres/backend/src/main/java/com/gestion/tpbackend/entity/Contrato.java. Using fallback presentation compiler.[0m
2026.04.14 16:49:17 INFO  no build target found for /home/notebook/Documentos/gdsi/GestorAlquileres/backend/src/main/java/com/gestion/tpbackend/entity/Contrato.java. Using fallback presentation compiler.[0m
2026.04.14 16:49:18 INFO  no build target found for /home/notebook/Documentos/gdsi/GestorAlquileres/backend/src/main/java/com/gestion/tpbackend/entity/Contrato.java. Using fallback presentation compiler.[0m
2026.04.14 16:49:18 INFO  no build target found for /home/notebook/Documentos/gdsi/GestorAlquileres/backend/src/main/java/com/gestion/tpbackend/entity/Contrato.java. Using fallback presentation compiler.[0m
2026.04.14 16:49:18 INFO  no build target found for /home/notebook/Documentos/gdsi/GestorAlquileres/backend/src/main/java/com/gestion/tpbackend/entity/Contrato.java. Using fallback presentation compiler.[0m
2026.04.14 16:49:20 INFO  no build target found for /home/notebook/Documentos/gdsi/GestorAlquileres/backend/src/main/java/com/gestion/tpbackend/entity/Contrato.java. Using fallback presentation compiler.[0m
2026.04.14 16:49:20 INFO  no build target found for /home/notebook/Documentos/gdsi/GestorAlquileres/backend/src/main/java/com/gestion/tpbackend/entity/Contrato.java. Using fallback presentation compiler.[0m
2026.04.14 16:49:21 INFO  no build target found for /home/notebook/Documentos/gdsi/GestorAlquileres/backend/src/main/java/com/gestion/tpbackend/entity/Contrato.java. Using fallback presentation compiler.[0m
2026.04.14 16:49:21 INFO  no build target found for /home/notebook/Documentos/gdsi/GestorAlquileres/backend/src/main/java/com/gestion/tpbackend/entity/Contrato.java. Using fallback presentation compiler.[0m
2026.04.14 16:49:25 INFO  no build target found for /home/notebook/Documentos/gdsi/GestorAlquileres/backend/src/main/java/com/gestion/tpbackend/entity/Contrato.java. Using fallback presentation compiler.[0m
2026.04.14 16:49:28 INFO  no build target found for /home/notebook/Documentos/gdsi/GestorAlquileres/backend/src/main/java/com/gestion/tpbackend/entity/Contrato.java. Using fallback presentation compiler.[0m
2026.04.14 16:49:28 INFO  no build target found for /home/notebook/Documentos/gdsi/GestorAlquileres/backend/src/main/java/com/gestion/tpbackend/entity/Contrato.java. Using fallback presentation compiler.[0m
2026.04.14 16:49:31 INFO  no build target found for /home/notebook/Documentos/gdsi/GestorAlquileres/backend/src/main/java/com/gestion/tpbackend/entity/Contrato.java. Using fallback presentation compiler.[0m
2026.04.14 16:49:31 INFO  no build target found for /home/notebook/Documentos/gdsi/GestorAlquileres/backend/src/main/java/com/gestion/tpbackend/entity/Contrato.java. Using fallback presentation compiler.[0m
2026.04.14 16:49:33 INFO  no build target found for /home/notebook/Documentos/gdsi/GestorAlquileres/backend/src/main/java/com/gestion/tpbackend/entity/Contrato.java. Using fallback presentation compiler.[0m
2026.04.14 16:49:33 INFO  no build target found for /home/notebook/Documentos/gdsi/GestorAlquileres/backend/src/main/java/com/gestion/tpbackend/entity/Contrato.java. Using fallback presentation compiler.[0m
2026.04.14 16:49:35 INFO  no build target found for /home/notebook/Documentos/gdsi/GestorAlquileres/backend/src/main/java/com/gestion/tpbackend/entity/Contrato.java. Using fallback presentation compiler.[0m
2026.04.14 16:49:39 INFO  no build target found for /home/notebook/Documentos/gdsi/GestorAlquileres/backend/src/main/java/com/gestion/tpbackend/entity/Contrato.java. Using fallback presentation compiler.[0m
2026.04.14 16:49:41 INFO  no build target found for /home/notebook/Documentos/gdsi/GestorAlquileres/backend/src/main/java/com/gestion/tpbackend/entity/Usuario.java. Using fallback presentation compiler.[0m
2026.04.14 16:49:41 INFO  no build target found for /home/notebook/Documentos/gdsi/GestorAlquileres/backend/src/main/java/com/gestion/tpbackend/entity/Usuario.java. Using fallback presentation compiler.[0m
2026.04.14 16:49:44 INFO  no build target found for /home/notebook/Documentos/gdsi/GestorAlquileres/backend/src/main/java/com/gestion/tpbackend/entity/Usuario.java. Using fallback presentation compiler.[0m
2026.04.14 16:49:54 INFO  no build target found for /home/notebook/Documentos/gdsi/GestorAlquileres/backend/src/main/java/com/gestion/tpbackend/entity/Contrato.java. Using fallback presentation compiler.[0m
2026.04.14 16:49:54 INFO  no build target found for /home/notebook/Documentos/gdsi/GestorAlquileres/backend/src/main/java/com/gestion/tpbackend/entity/Contrato.java. Using fallback presentation compiler.[0m
2026.04.14 16:49:57 INFO  no build target found for /home/notebook/Documentos/gdsi/GestorAlquileres/backend/src/main/java/com/gestion/tpbackend/entity/Contrato.java. Using fallback presentation compiler.[0m
2026.04.14 16:49:58 INFO  no build target found for /home/notebook/Documentos/gdsi/GestorAlquileres/backend/src/main/java/com/gestion/tpbackend/entity/Contrato.java. Using fallback presentation compiler.[0m
2026.04.14 16:49:58 INFO  no build target found for /home/notebook/Documentos/gdsi/GestorAlquileres/backend/src/main/java/com/gestion/tpbackend/entity/Contrato.java. Using fallback presentation compiler.[0m
2026.04.14 16:49:58 INFO  no build target found for /home/notebook/Documentos/gdsi/GestorAlquileres/backend/src/main/java/com/gestion/tpbackend/entity/Contrato.java. Using fallback presentation compiler.[0m
2026.04.14 16:50:00 INFO  no build target found for /home/notebook/Documentos/gdsi/GestorAlquileres/backend/src/main/java/com/gestion/tpbackend/entity/Contrato.java. Using fallback presentation compiler.[0m
2026.04.14 16:50:02 INFO  no build target found for /home/notebook/Documentos/gdsi/GestorAlquileres/backend/src/main/java/com/gestion/tpbackend/entity/Contrato.java. Using fallback presentation compiler.[0m
2026.04.14 16:50:02 INFO  no build target found for /home/notebook/Documentos/gdsi/GestorAlquileres/backend/src/main/java/com/gestion/tpbackend/entity/Contrato.java. Using fallback presentation compiler.[0m
2026.04.14 16:50:05 INFO  no build target found for /home/notebook/Documentos/gdsi/GestorAlquileres/backend/src/main/java/com/gestion/tpbackend/entity/Contrato.java. Using fallback presentation compiler.[0m
2026.04.14 16:50:05 INFO  no build target found for /home/notebook/Documentos/gdsi/GestorAlquileres/backend/src/main/java/com/gestion/tpbackend/entity/Contrato.java. Using fallback presentation compiler.[0m
2026.04.14 16:50:07 INFO  no build target found for /home/notebook/Documentos/gdsi/GestorAlquileres/backend/src/main/java/com/gestion/tpbackend/entity/Contrato.java. Using fallback presentation compiler.[0m
2026.04.14 16:50:08 INFO  no build target found for /home/notebook/Documentos/gdsi/GestorAlquileres/backend/src/main/java/com/gestion/tpbackend/entity/Contrato.java. Using fallback presentation compiler.[0m
2026.04.14 16:50:08 INFO  no build target found for /home/notebook/Documentos/gdsi/GestorAlquileres/backend/src/main/java/com/gestion/tpbackend/entity/Contrato.java. Using fallback presentation compiler.[0m
2026.04.14 16:50:11 INFO  no build target found for /home/notebook/Documentos/gdsi/GestorAlquileres/backend/src/main/java/com/gestion/tpbackend/entity/Contrato.java. Using fallback presentation compiler.[0m
2026.04.14 16:50:11 INFO  no build target found for /home/notebook/Documentos/gdsi/GestorAlquileres/backend/src/main/java/com/gestion/tpbackend/entity/Contrato.java. Using fallback presentation compiler.[0m
2026.04.14 16:50:13 INFO  no build target found for /home/notebook/Documentos/gdsi/GestorAlquileres/backend/src/main/java/com/gestion/tpbackend/entity/Contrato.java. Using fallback presentation compiler.[0m
2026.04.14 16:50:13 INFO  no build target found for /home/notebook/Documentos/gdsi/GestorAlquileres/backend/src/main/java/com/gestion/tpbackend/entity/Contrato.java. Using fallback presentation compiler.[0m
2026.04.14 16:50:14 INFO  no build target found for /home/notebook/Documentos/gdsi/GestorAlquileres/backend/src/main/java/com/gestion/tpbackend/entity/Contrato.java. Using fallback presentation compiler.[0m
2026.04.14 16:50:14 INFO  no build target found for /home/notebook/Documentos/gdsi/GestorAlquileres/backend/src/main/java/com/gestion/tpbackend/entity/Contrato.java. Using fallback presentation compiler.[0m
2026.04.14 16:50:18 INFO  no build target found for /home/notebook/Documentos/gdsi/GestorAlquileres/backend/src/main/java/com/gestion/tpbackend/entity/Contrato.java. Using fallback presentation compiler.[0m
2026.04.14 16:50:18 INFO  no build target found for /home/notebook/Documentos/gdsi/GestorAlquileres/backend/src/main/java/com/gestion/tpbackend/entity/Contrato.java. Using fallback presentation compiler.[0m
2026.04.14 16:50:27 INFO  no build target found for /home/notebook/Documentos/gdsi/GestorAlquileres/backend/src/main/java/com/gestion/tpbackend/entity/Contrato.java. Using fallback presentation compiler.[0m
2026.04.14 16:50:30 INFO  no build target found for /home/notebook/Documentos/gdsi/GestorAlquileres/backend/src/main/java/com/gestion/tpbackend/entity/Contrato.java. Using fallback presentation compiler.[0m
2026.04.14 16:50:33 INFO  no build target found for /home/notebook/Documentos/gdsi/GestorAlquileres/backend/src/main/java/com/gestion/tpbackend/entity/Contrato.java. Using fallback presentation compiler.[0m
2026.04.14 16:50:34 INFO  no build target found for /home/notebook/Documentos/gdsi/GestorAlquileres/backend/src/main/java/com/gestion/tpbackend/entity/Contrato.java. Using fallback presentation compiler.[0m
2026.04.14 16:50:37 INFO  no build target found for /home/notebook/Documentos/gdsi/GestorAlquileres/backend/src/main/java/com/gestion/tpbackend/entity/Contrato.java. Using fallback presentation compiler.[0m
2026.04.14 16:50:38 INFO  no build target found for /home/notebook/Documentos/gdsi/GestorAlquileres/backend/src/main/java/com/gestion/tpbackend/entity/Contrato.java. Using fallback presentation compiler.[0m
2026.04.14 16:50:39 INFO  no build target found for /home/notebook/Documentos/gdsi/GestorAlquileres/backend/src/main/java/com/gestion/tpbackend/entity/Contrato.java. Using fallback presentation compiler.[0m
2026.04.14 16:50:43 INFO  no build target found for /home/notebook/Documentos/gdsi/GestorAlquileres/backend/src/main/java/com/gestion/tpbackend/entity/Contrato.java. Using fallback presentation compiler.[0m
2026.04.14 16:50:48 INFO  no build target found for /home/notebook/Documentos/gdsi/GestorAlquileres/backend/src/main/java/com/gestion/tpbackend/entity/Contrato.java. Using fallback presentation compiler.[0m
2026.04.14 16:50:49 INFO  no build target found for /home/notebook/Documentos/gdsi/GestorAlquileres/backend/src/main/java/com/gestion/tpbackend/entity/Contrato.java. Using fallback presentation compiler.[0m
2026.04.14 16:50:49 INFO  no build target found for /home/notebook/Documentos/gdsi/GestorAlquileres/backend/src/main/java/com/gestion/tpbackend/entity/Contrato.java. Using fallback presentation compiler.[0m
2026.04.14 16:50:53 INFO  no build target found for /home/notebook/Documentos/gdsi/GestorAlquileres/backend/src/main/java/com/gestion/tpbackend/controller/ContratoController.java. Using fallback presentation compiler.[0m
2026.04.14 16:50:53 INFO  no build target found for /home/notebook/Documentos/gdsi/GestorAlquileres/backend/src/main/java/com/gestion/tpbackend/controller/ContratoController.java. Using fallback presentation compiler.[0m
2026.04.14 16:50:53 INFO  no build target found for /home/notebook/Documentos/gdsi/GestorAlquileres/backend/src/main/java/com/gestion/tpbackend/controller/ContratoController.java. Using fallback presentation compiler.[0m
2026.04.14 16:50:59 INFO  no build target found for /home/notebook/Documentos/gdsi/GestorAlquileres/backend/src/main/java/com/gestion/tpbackend/controller/ContratoController.java. Using fallback presentation compiler.[0m
2026.04.14 16:51:00 INFO  no build target found for /home/notebook/Documentos/gdsi/GestorAlquileres/backend/src/main/java/com/gestion/tpbackend/controller/ContratoController.java. Using fallback presentation compiler.[0m
2026.04.14 16:51:00 INFO  no build target found for /home/notebook/Documentos/gdsi/GestorAlquileres/backend/src/main/java/com/gestion/tpbackend/controller/ContratoController.java. Using fallback presentation compiler.[0m
2026.04.14 16:51:00 INFO  no build target found for /home/notebook/Documentos/gdsi/GestorAlquileres/backend/src/main/java/com/gestion/tpbackend/controller/ContratoController.java. Using fallback presentation compiler.[0m
2026.04.14 16:51:14 INFO  no build target found for /home/notebook/Documentos/gdsi/GestorAlquileres/backend/src/main/java/com/gestion/tpbackend/entity/Contrato.java. Using fallback presentation compiler.[0m
2026.04.14 16:51:14 INFO  no build target found for /home/notebook/Documentos/gdsi/GestorAlquileres/backend/src/main/java/com/gestion/tpbackend/controller/ContratoController.java. Using fallback presentation compiler.[0m
2026.04.14 16:51:14 INFO  no build target found for /home/notebook/Documentos/gdsi/GestorAlquileres/backend/src/main/java/com/gestion/tpbackend/controller/ContratoController.java. Using fallback presentation compiler.[0m
2026.04.14 16:51:14 INFO  no build target found for /home/notebook/Documentos/gdsi/GestorAlquileres/backend/src/main/java/com/gestion/tpbackend/service/ContratoService.java. Using fallback presentation compiler.[0m
2026.04.14 16:51:15 INFO  no build target found for /home/notebook/Documentos/gdsi/GestorAlquileres/backend/src/main/java/com/gestion/tpbackend/service/ContratoService.java. Using fallback presentation compiler.[0m
2026.04.14 16:51:36 INFO  no build target found for /home/notebook/Documentos/gdsi/GestorAlquileres/backend/src/main/java/com/gestion/tpbackend/service/ContratoService.java. Using fallback presentation compiler.[0m
2026.04.14 16:51:37 INFO  no build target found for /home/notebook/Documentos/gdsi/GestorAlquileres/backend/src/main/java/com/gestion/tpbackend/service/ContratoService.java. Using fallback presentation compiler.[0m
2026.04.14 16:51:37 INFO  no build target found for /home/notebook/Documentos/gdsi/GestorAlquileres/backend/src/main/java/com/gestion/tpbackend/service/ContratoService.java. Using fallback presentation compiler.[0m
2026.04.14 16:51:39 INFO  no build target found for /home/notebook/Documentos/gdsi/GestorAlquileres/backend/src/main/java/com/gestion/tpbackend/service/ContratoService.java. Using fallback presentation compiler.[0m
2026.04.14 16:51:39 INFO  no build target found for /home/notebook/Documentos/gdsi/GestorAlquileres/backend/src/main/java/com/gestion/tpbackend/service/ContratoService.java. Using fallback presentation compiler.[0m
2026.04.14 16:51:41 INFO  no build target found for /home/notebook/Documentos/gdsi/GestorAlquileres/backend/src/main/java/com/gestion/tpbackend/service/ContratoService.java. Using fallback presentation compiler.[0m
2026.04.14 16:51:47 INFO  no build target found for /home/notebook/Documentos/gdsi/GestorAlquileres/backend/src/main/java/com/gestion/tpbackend/service/ContratoService.java. Using fallback presentation compiler.[0m
2026.04.14 16:51:54 INFO  no build target found for /home/notebook/Documentos/gdsi/GestorAlquileres/backend/src/main/java/com/gestion/tpbackend/controller/ContratoController.java. Using fallback presentation compiler.[0m
2026.04.14 16:51:54 INFO  no build target found for /home/notebook/Documentos/gdsi/GestorAlquileres/backend/src/main/java/com/gestion/tpbackend/controller/ContratoController.java. Using fallback presentation compiler.[0m
2026.04.14 16:52:21 INFO  no build target found for /home/notebook/Documentos/gdsi/GestorAlquileres/backend/src/main/java/com/gestion/tpbackend/controller/ContratoController.java. Using fallback presentation compiler.[0m
2026.04.14 16:52:32 INFO  no build target found for /home/notebook/Documentos/gdsi/GestorAlquileres/backend/src/main/java/com/gestion/tpbackend/controller/ContratoController.java. Using fallback presentation compiler.[0m
2026.04.14 16:52:32 INFO  no build target found for /home/notebook/Documentos/gdsi/GestorAlquileres/backend/src/main/java/com/gestion/tpbackend/controller/ContratoController.java. Using fallback presentation compiler.[0m
2026.04.14 16:52:38 INFO  no build target found for /home/notebook/Documentos/gdsi/GestorAlquileres/backend/src/main/java/com/gestion/tpbackend/controller/ContratoController.java. Using fallback presentation compiler.[0m
2026.04.14 16:52:39 INFO  no build target found for /home/notebook/Documentos/gdsi/GestorAlquileres/backend/src/main/java/com/gestion/tpbackend/controller/ContratoController.java. Using fallback presentation compiler.[0m
2026.04.14 16:52:41 INFO  no build target found for /home/notebook/Documentos/gdsi/GestorAlquileres/backend/src/main/java/com/gestion/tpbackend/entity/Usuario.java. Using fallback presentation compiler.[0m
2026.04.14 16:53:22 INFO  no build target found for /home/notebook/Documentos/gdsi/GestorAlquileres/backend/src/main/java/com/gestion/tpbackend/service/ContratoService.java. Using fallback presentation compiler.[0m
2026.04.14 16:53:22 INFO  no build target found for /home/notebook/Documentos/gdsi/GestorAlquileres/backend/src/main/java/com/gestion/tpbackend/service/ContratoService.java. Using fallback presentation compiler.[0m
2026.04.14 16:53:22 INFO  no build target found for /home/notebook/Documentos/gdsi/GestorAlquileres/backend/src/main/java/com/gestion/tpbackend/service/ContratoService.java. Using fallback presentation compiler.[0m
2026.04.14 16:53:24 INFO  no build target found for /home/notebook/Documentos/gdsi/GestorAlquileres/backend/src/main/java/com/gestion/tpbackend/service/ContratoService.java. Using fallback presentation compiler.[0m
2026.04.14 16:53:24 INFO  no build target found for /home/notebook/Documentos/gdsi/GestorAlquileres/backend/src/main/java/com/gestion/tpbackend/service/ContratoService.java. Using fallback presentation compiler.[0m
2026.04.14 16:53:24 INFO  no build target found for /home/notebook/Documentos/gdsi/GestorAlquileres/backend/src/main/java/com/gestion/tpbackend/service/ContratoService.java. Using fallback presentation compiler.[0m
2026.04.14 16:53:27 INFO  no build target found for /home/notebook/Documentos/gdsi/GestorAlquileres/backend/src/main/java/com/gestion/tpbackend/service/ContratoService.java. Using fallback presentation compiler.[0m
2026.04.14 16:53:32 INFO  no build target found for /home/notebook/Documentos/gdsi/GestorAlquileres/backend/src/main/java/com/gestion/tpbackend/service/ContratoService.java. Using fallback presentation compiler.[0m
2026.04.14 16:53:34 INFO  no build target found for /home/notebook/Documentos/gdsi/GestorAlquileres/backend/src/main/java/com/gestion/tpbackend/service/ContratoService.java. Using fallback presentation compiler.[0m
2026.04.14 16:53:34 INFO  no build target found for /home/notebook/Documentos/gdsi/GestorAlquileres/backend/src/main/java/com/gestion/tpbackend/service/ContratoService.java. Using fallback presentation compiler.[0m
2026.04.14 16:53:37 INFO  no build target found for /home/notebook/Documentos/gdsi/GestorAlquileres/backend/src/main/java/com/gestion/tpbackend/service/ContratoService.java. Using fallback presentation compiler.[0m
2026.04.14 16:53:54 INFO  no build target found for /home/notebook/Documentos/gdsi/GestorAlquileres/backend/src/main/java/com/gestion/tpbackend/service/ContratoService.java. Using fallback presentation compiler.[0m
2026.04.14 16:53:58 INFO  no build target found for /home/notebook/Documentos/gdsi/GestorAlquileres/backend/src/main/java/com/gestion/tpbackend/service/ContratoService.java. Using fallback presentation compiler.[0m
2026.04.14 16:53:59 INFO  no build target found for /home/notebook/Documentos/gdsi/GestorAlquileres/backend/src/main/java/com/gestion/tpbackend/service/ContratoService.java. Using fallback presentation compiler.[0m
2026.04.14 16:53:59 INFO  no build target found for /home/notebook/Documentos/gdsi/GestorAlquileres/backend/src/main/java/com/gestion/tpbackend/service/ContratoService.java. Using fallback presentation compiler.[0m
2026.04.14 16:54:00 INFO  no build target found for /home/notebook/Documentos/gdsi/GestorAlquileres/backend/src/main/java/com/gestion/tpbackend/service/ContratoService.java. Using fallback presentation compiler.[0m
2026.04.14 16:54:01 INFO  no build target found for /home/notebook/Documentos/gdsi/GestorAlquileres/backend/src/main/java/com/gestion/tpbackend/service/ContratoService.java. Using fallback presentation compiler.[0m
2026.04.14 16:54:01 INFO  no build target found for /home/notebook/Documentos/gdsi/GestorAlquileres/backend/src/main/java/com/gestion/tpbackend/controller/ContratoController.java. Using fallback presentation compiler.[0m
2026.04.14 16:54:01 INFO  no build target found for /home/notebook/Documentos/gdsi/GestorAlquileres/backend/src/main/java/com/gestion/tpbackend/service/ContratoService.java. Using fallback presentation compiler.[0m
2026.04.14 16:54:04 INFO  no build target found for /home/notebook/Documentos/gdsi/GestorAlquileres/backend/src/main/java/com/gestion/tpbackend/service/ContratoService.java. Using fallback presentation compiler.[0m
2026.04.14 16:54:04 INFO  no build target found for /home/notebook/Documentos/gdsi/GestorAlquileres/backend/src/main/java/com/gestion/tpbackend/service/ContratoService.java. Using fallback presentation compiler.[0m
2026.04.14 16:54:10 INFO  no build target found for /home/notebook/Documentos/gdsi/GestorAlquileres/backend/src/main/java/com/gestion/tpbackend/service/ContratoService.java. Using fallback presentation compiler.[0m
2026.04.14 16:54:11 INFO  no build target found for /home/notebook/Documentos/gdsi/GestorAlquileres/backend/src/main/java/com/gestion/tpbackend/repository/ContratoRepository.java. Using fallback presentation compiler.[0m
2026.04.14 16:54:11 INFO  no build target found for /home/notebook/Documentos/gdsi/GestorAlquileres/backend/src/main/java/com/gestion/tpbackend/repository/ContratoRepository.java. Using fallback presentation compiler.[0m
2026.04.14 16:54:16 INFO  no build target found for /home/notebook/Documentos/gdsi/GestorAlquileres/backend/src/main/java/com/gestion/tpbackend/service/ContratoService.java. Using fallback presentation compiler.[0m
2026.04.14 16:54:17 INFO  no build target found for /home/notebook/Documentos/gdsi/GestorAlquileres/backend/src/main/java/com/gestion/tpbackend/controller/ContratoController.java. Using fallback presentation compiler.[0m
2026.04.14 16:54:17 INFO  no build target found for /home/notebook/Documentos/gdsi/GestorAlquileres/backend/src/main/java/com/gestion/tpbackend/service/ContratoService.java. Using fallback presentation compiler.[0m
2026.04.14 16:54:18 INFO  no build target found for /home/notebook/Documentos/gdsi/GestorAlquileres/backend/src/main/java/com/gestion/tpbackend/service/ContratoService.java. Using fallback presentation compiler.[0m
2026.04.14 16:54:18 INFO  no build target found for /home/notebook/Documentos/gdsi/GestorAlquileres/backend/src/main/java/com/gestion/tpbackend/service/ContratoService.java. Using fallback presentation compiler.[0m
2026.04.14 16:54:19 INFO  no build target found for /home/notebook/Documentos/gdsi/GestorAlquileres/backend/src/main/java/com/gestion/tpbackend/service/ContratoService.java. Using fallback presentation compiler.[0m
2026.04.14 16:55:04 INFO  no build target found for /home/notebook/Documentos/gdsi/GestorAlquileres/backend/src/main/java/com/gestion/tpbackend/repository/ContratoRepository.java. Using fallback presentation compiler.[0m
2026.04.14 16:55:04 INFO  no build target found for /home/notebook/Documentos/gdsi/GestorAlquileres/backend/src/main/java/com/gestion/tpbackend/repository/ContratoRepository.java. Using fallback presentation compiler.[0m
2026.04.14 16:55:11 INFO  no build target found for /home/notebook/Documentos/gdsi/GestorAlquileres/backend/src/main/java/com/gestion/tpbackend/repository/ContratoRepository.java. Using fallback presentation compiler.[0m
2026.04.14 16:55:11 INFO  no build target found for /home/notebook/Documentos/gdsi/GestorAlquileres/backend/src/main/java/com/gestion/tpbackend/repository/ContratoRepository.java. Using fallback presentation compiler.[0m
2026.04.14 16:55:11 INFO  no build target found for /home/notebook/Documentos/gdsi/GestorAlquileres/backend/src/main/java/com/gestion/tpbackend/repository/ContratoRepository.java. Using fallback presentation compiler.[0m
2026.04.14 16:55:13 INFO  no build target found for /home/notebook/Documentos/gdsi/GestorAlquileres/backend/src/main/java/com/gestion/tpbackend/repository/ContratoRepository.java. Using fallback presentation compiler.[0m
2026.04.14 16:55:13 INFO  no build target found for /home/notebook/Documentos/gdsi/GestorAlquileres/backend/src/main/java/com/gestion/tpbackend/repository/ContratoRepository.java. Using fallback presentation compiler.[0m
2026.04.14 16:55:13 INFO  no build target found for /home/notebook/Documentos/gdsi/GestorAlquileres/backend/src/main/java/com/gestion/tpbackend/repository/ContratoRepository.java. Using fallback presentation compiler.[0m
2026.04.14 16:55:13 INFO  no build target found for /home/notebook/Documentos/gdsi/GestorAlquileres/backend/src/main/java/com/gestion/tpbackend/repository/ContratoRepository.java. Using fallback presentation compiler.[0m
2026.04.14 16:55:15 INFO  no build target found for /home/notebook/Documentos/gdsi/GestorAlquileres/backend/src/main/java/com/gestion/tpbackend/repository/ContratoRepository.java. Using fallback presentation compiler.[0m
2026.04.14 16:55:17 INFO  no build target found for /home/notebook/Documentos/gdsi/GestorAlquileres/backend/src/main/java/com/gestion/tpbackend/repository/ContratoRepository.java. Using fallback presentation compiler.[0m
2026.04.14 16:55:24 INFO  no build target found for /home/notebook/Documentos/gdsi/GestorAlquileres/backend/src/main/java/com/gestion/tpbackend/repository/UnidadRepository.java. Using fallback presentation compiler.[0m
2026.04.14 16:55:24 INFO  no build target found for /home/notebook/Documentos/gdsi/GestorAlquileres/backend/src/main/java/com/gestion/tpbackend/repository/UnidadRepository.java. Using fallback presentation compiler.[0m
2026.04.14 16:55:24 INFO  no build target found for /home/notebook/Documentos/gdsi/GestorAlquileres/backend/src/main/java/com/gestion/tpbackend/repository/UnidadRepository.java. Using fallback presentation compiler.[0m
2026.04.14 16:55:24 INFO  no build target found for /home/notebook/Documentos/gdsi/GestorAlquileres/backend/src/main/java/com/gestion/tpbackend/repository/UnidadRepository.java. Using fallback presentation compiler.[0m
2026.04.14 16:55:24 INFO  no build target found for /home/notebook/Documentos/gdsi/GestorAlquileres/backend/src/main/java/com/gestion/tpbackend/repository/UnidadRepository.java. Using fallback presentation compiler.[0m
2026.04.14 16:55:26 INFO  no build target found for /home/notebook/Documentos/gdsi/GestorAlquileres/backend/src/main/java/com/gestion/tpbackend/repository/UnidadRepository.java. Using fallback presentation compiler.[0m
2026.04.14 16:55:27 INFO  no build target found for /home/notebook/Documentos/gdsi/GestorAlquileres/backend/src/main/java/com/gestion/tpbackend/repository/UnidadRepository.java. Using fallback presentation compiler.[0m
2026.04.14 16:55:27 INFO  no build target found for /home/notebook/Documentos/gdsi/GestorAlquileres/backend/src/main/java/com/gestion/tpbackend/repository/UnidadRepository.java. Using fallback presentation compiler.[0m
2026.04.14 16:55:30 INFO  no build target found for /home/notebook/Documentos/gdsi/GestorAlquileres/backend/src/main/java/com/gestion/tpbackend/repository/UnidadRepository.java. Using fallback presentation compiler.[0m
2026.04.14 16:55:33 INFO  no build target found for /home/notebook/Documentos/gdsi/GestorAlquileres/backend/src/main/java/com/gestion/tpbackend/repository/ContratoRepository.java. Using fallback presentation compiler.[0m
2026.04.14 16:55:33 INFO  no build target found for /home/notebook/Documentos/gdsi/GestorAlquileres/backend/src/main/java/com/gestion/tpbackend/repository/ContratoRepository.java. Using fallback presentation compiler.[0m
2026.04.14 16:56:12 INFO  no build target found for /home/notebook/Documentos/gdsi/GestorAlquileres/backend/src/main/java/com/gestion/tpbackend/repository/ContratoRepository.java. Using fallback presentation compiler.[0m
2026.04.14 16:56:12 INFO  no build target found for /home/notebook/Documentos/gdsi/GestorAlquileres/backend/src/main/java/com/gestion/tpbackend/repository/ContratoRepository.java. Using fallback presentation compiler.[0m
2026.04.14 16:56:14 INFO  no build target found for /home/notebook/Documentos/gdsi/GestorAlquileres/backend/src/main/java/com/gestion/tpbackend/repository/ContratoRepository.java. Using fallback presentation compiler.[0m
2026.04.14 16:56:19 INFO  no build target found for /home/notebook/Documentos/gdsi/GestorAlquileres/backend/src/main/java/com/gestion/tpbackend/repository/ContratoRepository.java. Using fallback presentation compiler.[0m
2026.04.14 16:56:19 INFO  no build target found for /home/notebook/Documentos/gdsi/GestorAlquileres/backend/src/main/java/com/gestion/tpbackend/repository/ContratoRepository.java. Using fallback presentation compiler.[0m
2026.04.14 16:56:21 INFO  no build target found for /home/notebook/Documentos/gdsi/GestorAlquileres/backend/src/main/java/com/gestion/tpbackend/repository/ContratoRepository.java. Using fallback presentation compiler.[0m
2026.04.14 16:56:22 INFO  no build target found for /home/notebook/Documentos/gdsi/GestorAlquileres/backend/src/main/java/com/gestion/tpbackend/repository/ContratoRepository.java. Using fallback presentation compiler.[0m
2026.04.14 16:56:22 INFO  no build target found for /home/notebook/Documentos/gdsi/GestorAlquileres/backend/src/main/java/com/gestion/tpbackend/repository/ContratoRepository.java. Using fallback presentation compiler.[0m
2026.04.14 16:56:22 INFO  no build target found for /home/notebook/Documentos/gdsi/GestorAlquileres/backend/src/main/java/com/gestion/tpbackend/repository/ContratoRepository.java. Using fallback presentation compiler.[0m
2026.04.14 16:56:23 INFO  no build target found for /home/notebook/Documentos/gdsi/GestorAlquileres/backend/src/main/java/com/gestion/tpbackend/repository/ContratoRepository.java. Using fallback presentation compiler.[0m
2026.04.14 16:56:23 INFO  no build target found for /home/notebook/Documentos/gdsi/GestorAlquileres/backend/src/main/java/com/gestion/tpbackend/repository/ContratoRepository.java. Using fallback presentation compiler.[0m
2026.04.14 16:56:25 INFO  no build target found for /home/notebook/Documentos/gdsi/GestorAlquileres/backend/src/main/java/com/gestion/tpbackend/repository/ContratoRepository.java. Using fallback presentation compiler.[0m
2026.04.14 16:56:31 INFO  no build target found for /home/notebook/Documentos/gdsi/GestorAlquileres/backend/src/main/java/com/gestion/tpbackend/repository/ContratoRepository.java. Using fallback presentation compiler.[0m
2026.04.14 16:56:35 INFO  no build target found for /home/notebook/Documentos/gdsi/GestorAlquileres/backend/src/main/java/com/gestion/tpbackend/repository/ContratoRepository.java. Using fallback presentation compiler.[0m
2026.04.14 16:56:35 INFO  Created report: Optional[file:///home/notebook/Documentos/gdsi/GestorAlquileres/backend/src/main/java/com/gestion/tpbackend/repository/ContratoRepository.java][0m
2026.04.14 16:56:35 INFO  empty definition using pc, found symbol in pc: _empty_/JpaRepository# (full report at: "/home/notebook/Documentos/gdsi/GestorAlquileres/.metals/.reports/metals-full/2026-04-14/r_empty-definition_16-56-35-636.md")[0m
2026.04.14 16:56:36 INFO  no build target found for /home/notebook/Documentos/gdsi/GestorAlquileres/backend/src/main/java/com/gestion/tpbackend/repository/ContratoRepository.java. Using fallback presentation compiler.[0m
2026.04.14 16:56:36 INFO  no build target found for /home/notebook/Documentos/gdsi/GestorAlquileres/backend/src/main/java/com/gestion/tpbackend/repository/ContratoRepository.java. Using fallback presentation compiler.[0m
2026.04.14 16:56:36 INFO  no build target found for /home/notebook/Documentos/gdsi/GestorAlquileres/backend/src/main/java/com/gestion/tpbackend/repository/ContratoRepository.java. Using fallback presentation compiler.[0m
2026.04.14 16:56:38 INFO  no build target found for /home/notebook/Documentos/gdsi/GestorAlquileres/backend/src/main/java/com/gestion/tpbackend/repository/ContratoRepository.java. Using fallback presentation compiler.[0m
2026.04.14 16:56:38 INFO  Created report: Optional[file:///home/notebook/Documentos/gdsi/GestorAlquileres/backend/src/main/java/com/gestion/tpbackend/repository/ContratoRepository.java][0m
2026.04.14 16:56:38 INFO  missing def: JpaRepository# (full report at: "/home/notebook/Documentos/gdsi/GestorAlquileres/.metals/.reports/metals-full/2026-04-14/r_missing-definition_16-56-38-954.md")[0m
2026.04.14 16:56:38 INFO  no build target found for /home/notebook/Documentos/gdsi/GestorAlquileres/backend/src/main/java/com/gestion/tpbackend/repository/ContratoRepository.java. Using fallback presentation compiler.[0m
2026.04.14 16:56:40 INFO  no build target found for /home/notebook/Documentos/gdsi/GestorAlquileres/backend/src/main/java/com/gestion/tpbackend/repository/ContratoRepository.java. Using fallback presentation compiler.[0m
2026.04.14 16:56:40 INFO  no build target found for /home/notebook/Documentos/gdsi/GestorAlquileres/backend/src/main/java/com/gestion/tpbackend/repository/ContratoRepository.java. Using fallback presentation compiler.[0m
2026.04.14 16:56:41 INFO  no build target found for /home/notebook/Documentos/gdsi/GestorAlquileres/backend/src/main/java/com/gestion/tpbackend/repository/ContratoRepository.java. Using fallback presentation compiler.[0m
2026.04.14 16:56:41 INFO  Created report: Optional[file:///home/notebook/Documentos/gdsi/GestorAlquileres/backend/src/main/java/com/gestion/tpbackend/repository/ContratoRepository.java][0m
2026.04.14 16:56:41 INFO  empty definition using pc, found symbol in pc: org/springframework/data/jpa/repository/JpaRepository# (full report at: "/home/notebook/Documentos/gdsi/GestorAlquileres/.metals/.reports/metals-full/2026-04-14/r_empty-definition_16-56-41-693.md")[0m
2026.04.14 16:56:43 INFO  no build target found for /home/notebook/Documentos/gdsi/GestorAlquileres/backend/src/main/java/com/gestion/tpbackend/repository/ContratoRepository.java. Using fallback presentation compiler.[0m
2026.04.14 16:56:43 INFO  no build target found for /home/notebook/Documentos/gdsi/GestorAlquileres/backend/src/main/java/com/gestion/tpbackend/repository/ContratoRepository.java. Using fallback presentation compiler.[0m
2026.04.14 16:57:10 INFO  no build target found for /home/notebook/Documentos/gdsi/GestorAlquileres/backend/src/main/java/com/gestion/tpbackend/service/ContratoService.java. Using fallback presentation compiler.[0m
2026.04.14 16:57:10 INFO  no build target found for /home/notebook/Documentos/gdsi/GestorAlquileres/backend/src/main/java/com/gestion/tpbackend/service/ContratoService.java. Using fallback presentation compiler.[0m
2026.04.14 16:57:14 INFO  no build target found for /home/notebook/Documentos/gdsi/GestorAlquileres/backend/src/main/java/com/gestion/tpbackend/controller/ContratoController.java. Using fallback presentation compiler.[0m
2026.04.14 16:57:14 INFO  no build target found for /home/notebook/Documentos/gdsi/GestorAlquileres/backend/src/main/java/com/gestion/tpbackend/controller/ContratoController.java. Using fallback presentation compiler.[0m
2026.04.14 16:57:14 INFO  no build target found for /home/notebook/Documentos/gdsi/GestorAlquileres/backend/src/main/java/com/gestion/tpbackend/controller/ContratoController.java. Using fallback presentation compiler.[0m
2026.04.14 16:57:16 INFO  no build target found for /home/notebook/Documentos/gdsi/GestorAlquileres/backend/src/main/java/com/gestion/tpbackend/controller/ContratoController.java. Using fallback presentation compiler.[0m
2026.04.14 16:57:16 INFO  no build target found for /home/notebook/Documentos/gdsi/GestorAlquileres/backend/src/main/java/com/gestion/tpbackend/service/ContratoService.java. Using fallback presentation compiler.[0m
2026.04.14 16:57:19 INFO  no build target found for /home/notebook/Documentos/gdsi/GestorAlquileres/backend/src/main/java/com/gestion/tpbackend/repository/ContratoRepository.java. Using fallback presentation compiler.[0m
2026.04.14 16:57:19 INFO  no build target found for /home/notebook/Documentos/gdsi/GestorAlquileres/backend/src/main/java/com/gestion/tpbackend/repository/ContratoRepository.java. Using fallback presentation compiler.[0m
2026.04.14 16:57:22 INFO  no build target found for /home/notebook/Documentos/gdsi/GestorAlquileres/backend/src/main/java/com/gestion/tpbackend/repository/ContratoRepository.java. Using fallback presentation compiler.[0m
2026.04.14 16:57:22 INFO  no build target found for /home/notebook/Documentos/gdsi/GestorAlquileres/backend/src/main/java/com/gestion/tpbackend/repository/ContratoRepository.java. Using fallback presentation compiler.[0m
2026.04.14 16:57:22 INFO  no build target found for /home/notebook/Documentos/gdsi/GestorAlquileres/backend/src/main/java/com/gestion/tpbackend/repository/ContratoRepository.java. Using fallback presentation compiler.[0m
2026.04.14 16:57:24 INFO  no build target found for /home/notebook/Documentos/gdsi/GestorAlquileres/backend/src/main/java/com/gestion/tpbackend/repository/ContratoRepository.java. Using fallback presentation compiler.[0m
2026.04.14 16:57:24 INFO  no build target found for /home/notebook/Documentos/gdsi/GestorAlquileres/backend/src/main/java/com/gestion/tpbackend/repository/ContratoRepository.java. Using fallback presentation compiler.[0m
2026.04.14 16:57:26 INFO  no build target found for /home/notebook/Documentos/gdsi/GestorAlquileres/backend/src/main/java/com/gestion/tpbackend/controller/ContratoController.java. Using fallback presentation compiler.[0m
2026.04.14 16:57:26 INFO  no build target found for /home/notebook/Documentos/gdsi/GestorAlquileres/backend/src/main/java/com/gestion/tpbackend/service/ContratoService.java. Using fallback presentation compiler.[0m
2026.04.14 16:57:27 INFO  no build target found for /home/notebook/Documentos/gdsi/GestorAlquileres/backend/src/main/java/com/gestion/tpbackend/controller/ContratoController.java. Using fallback presentation compiler.[0m
2026.04.14 16:57:27 INFO  no build target found for /home/notebook/Documentos/gdsi/GestorAlquileres/backend/src/main/java/com/gestion/tpbackend/controller/ContratoController.java. Using fallback presentation compiler.[0m
2026.04.14 16:57:27 INFO  no build target found for /home/notebook/Documentos/gdsi/GestorAlquileres/backend/src/main/java/com/gestion/tpbackend/service/ContratoService.java. Using fallback presentation compiler.[0m
2026.04.14 16:57:27 INFO  no build target found for /home/notebook/Documentos/gdsi/GestorAlquileres/backend/src/main/java/com/gestion/tpbackend/service/ContratoService.java. Using fallback presentation compiler.[0m
2026.04.14 16:57:29 INFO  no build target found for /home/notebook/Documentos/gdsi/GestorAlquileres/backend/src/main/java/com/gestion/tpbackend/service/ContratoService.java. Using fallback presentation compiler.[0m
2026.04.14 16:57:30 INFO  no build target found for /home/notebook/Documentos/gdsi/GestorAlquileres/backend/src/main/java/com/gestion/tpbackend/service/ContratoService.java. Using fallback presentation compiler.[0m
2026.04.14 16:57:33 INFO  no build target found for /home/notebook/Documentos/gdsi/GestorAlquileres/backend/src/main/java/com/gestion/tpbackend/service/ContratoService.java. Using fallback presentation compiler.[0m
2026.04.14 16:57:34 INFO  no build target found for /home/notebook/Documentos/gdsi/GestorAlquileres/backend/src/main/java/com/gestion/tpbackend/controller/ContratoController.java. Using fallback presentation compiler.[0m
2026.04.14 16:57:34 INFO  no build target found for /home/notebook/Documentos/gdsi/GestorAlquileres/backend/src/main/java/com/gestion/tpbackend/controller/ContratoController.java. Using fallback presentation compiler.[0m
2026.04.14 16:57:34 INFO  no build target found for /home/notebook/Documentos/gdsi/GestorAlquileres/backend/src/main/java/com/gestion/tpbackend/controller/ContratoController.java. Using fallback presentation compiler.[0m
2026.04.14 16:57:36 INFO  no build target found for /home/notebook/Documentos/gdsi/GestorAlquileres/backend/src/main/java/com/gestion/tpbackend/controller/ContratoController.java. Using fallback presentation compiler.[0m
2026.04.14 16:58:25 INFO  no build target found for /home/notebook/Documentos/gdsi/GestorAlquileres/backend/src/main/java/com/gestion/tpbackend/repository/UnidadRepository.java. Using fallback presentation compiler.[0m
2026.04.14 17:00:26 INFO  no build target found for /home/notebook/Documentos/gdsi/GestorAlquileres/backend/src/main/java/com/gestion/tpbackend/controller/ContratoController.java. Using fallback presentation compiler.[0m
2026.04.14 17:00:26 INFO  no build target found for /home/notebook/Documentos/gdsi/GestorAlquileres/backend/src/main/java/com/gestion/tpbackend/service/ContratoService.java. Using fallback presentation compiler.[0m
2026.04.14 17:03:31 INFO  no build target found for /home/notebook/Documentos/gdsi/GestorAlquileres/backend/src/main/java/com/gestion/tpbackend/controller/ContratoController.java. Using fallback presentation compiler.[0m
2026.04.14 17:06:33 INFO  no build target found for /home/notebook/Documentos/gdsi/GestorAlquileres/backend/src/main/java/com/gestion/tpbackend/controller/ContratoController.java. Using fallback presentation compiler.[0m
2026.04.14 17:09:33 INFO  no build target found for /home/notebook/Documentos/gdsi/GestorAlquileres/backend/src/main/java/com/gestion/tpbackend/controller/ContratoController.java. Using fallback presentation compiler.[0m
2026.04.14 17:12:34 INFO  no build target found for /home/notebook/Documentos/gdsi/GestorAlquileres/backend/src/main/java/com/gestion/tpbackend/controller/ContratoController.java. Using fallback presentation compiler.[0m
2026.04.14 17:15:36 INFO  no build target found for /home/notebook/Documentos/gdsi/GestorAlquileres/backend/src/main/java/com/gestion/tpbackend/controller/ContratoController.java. Using fallback presentation compiler.[0m
2026.04.14 17:17:22 INFO  no build target found for /home/notebook/Documentos/gdsi/GestorAlquileres/backend/src/main/java/com/gestion/tpbackend/service/ContratoService.java. Using fallback presentation compiler.[0m
2026.04.14 17:17:28 INFO  no build target found for /home/notebook/Documentos/gdsi/GestorAlquileres/backend/src/main/java/com/gestion/tpbackend/service/ContratoService.java. Using fallback presentation compiler.[0m
2026.04.14 17:18:37 INFO  no build target found for /home/notebook/Documentos/gdsi/GestorAlquileres/backend/src/main/java/com/gestion/tpbackend/controller/ContratoController.java. Using fallback presentation compiler.[0m
2026.04.14 17:20:22 INFO  no build target found for /home/notebook/Documentos/gdsi/GestorAlquileres/backend/src/main/java/com/gestion/tpbackend/service/ContratoService.java. Using fallback presentation compiler.[0m
2026.04.14 17:20:39 INFO  no build target found for /home/notebook/Documentos/gdsi/GestorAlquileres/backend/src/main/java/com/gestion/tpbackend/repository/ContratoRepository.java. Using fallback presentation compiler.[0m
2026.05.11 11:11:31 INFO  Started: Metals version 1.6.7 in folders '/home/notebook/Documentos/gdsi/GestorAlquileres' for client Visual Studio Code 1.119.0.[0m
2026.05.11 11:11:31 INFO  Memory monitor started[0m
2026.05.11 11:11:31 WARN  Using H2 2.4.240 which is newer than the version Flyway has been verified with. The latest verified version of H2 is 2.3.232.[0m
2026.05.11 11:11:31 INFO  no build target found for /home/notebook/Documentos/gdsi/GestorAlquileres/backend/src/main/java/com/gestion/tpbackend/entity/Usuario.java. Using fallback presentation compiler.[0m
2026.05.11 11:11:33 INFO  no build target found for /home/notebook/Documentos/gdsi/GestorAlquileres/backend/src/main/java/com/gestion/tpbackend/entity/Usuario.java. Using fallback presentation compiler.[0m
2026.05.11 11:11:33 INFO  no build target found for /home/notebook/Documentos/gdsi/GestorAlquileres/backend/src/main/java/com/gestion/tpbackend/entity/Usuario.java. Using fallback presentation compiler.[0m
may 11, 2026 11:11:33 A. M. org.eclipse.lsp4j.jsonrpc.RemoteEndpoint handleCancellation
ADVERTENCIA: Unmatched cancel notification for request id 8
2026.05.11 11:11:33 INFO  no build target found for /home/notebook/Documentos/gdsi/GestorAlquileres/backend/src/main/java/com/gestion/tpbackend/entity/Usuario.java. Using fallback presentation compiler.[0m
2026.05.11 11:11:34 INFO  no build target found for /home/notebook/Documentos/gdsi/GestorAlquileres/backend/src/main/java/com/gestion/tpbackend/entity/Usuario.java. Using fallback presentation compiler.[0m
2026.05.11 11:11:41 INFO  no build target found for /home/notebook/Documentos/gdsi/GestorAlquileres/backend/src/main/java/com/gestion/tpbackend/entity/Usuario.java. Using fallback presentation compiler.[0m
2026.05.11 11:11:41 INFO  no build target found for /home/notebook/Documentos/gdsi/GestorAlquileres/backend/src/main/java/com/gestion/tpbackend/entity/Contrato.java. Using fallback presentation compiler.[0m
2026.05.11 11:11:41 INFO  no build target found for /home/notebook/Documentos/gdsi/GestorAlquileres/backend/src/main/java/com/gestion/tpbackend/entity/Contrato.java. Using fallback presentation compiler.[0m
2026.05.11 11:11:41 INFO  no build target found for /home/notebook/Documentos/gdsi/GestorAlquileres/backend/src/main/java/com/gestion/tpbackend/entity/Contrato.java. Using fallback presentation compiler.[0m
2026.05.11 11:11:42 INFO  no build target found for /home/notebook/Documentos/gdsi/GestorAlquileres/backend/src/main/java/com/gestion/tpbackend/entity/Contrato.java. Using fallback presentation compiler.[0m
2026.05.11 11:11:42 INFO  no build target found for /home/notebook/Documentos/gdsi/GestorAlquileres/backend/src/main/java/com/gestion/tpbackend/entity/Contrato.java. Using fallback presentation compiler.[0m
2026.05.11 11:12:17 INFO  no build target found for /home/notebook/Documentos/gdsi/GestorAlquileres/backend/src/main/java/com/gestion/tpbackend/entity/Contrato.java. Using fallback presentation compiler.[0m
2026.05.11 11:12:17 INFO  no build target found for /home/notebook/Documentos/gdsi/GestorAlquileres/backend/src/main/java/com/gestion/tpbackend/entity/Usuario.java. Using fallback presentation compiler.[0m
2026.05.11 11:12:17 INFO  no build target found for /home/notebook/Documentos/gdsi/GestorAlquileres/backend/src/main/java/com/gestion/tpbackend/entity/Usuario.java. Using fallback presentation compiler.[0m
2026.05.11 11:12:17 INFO  no build target found for /home/notebook/Documentos/gdsi/GestorAlquileres/backend/src/main/java/com/gestion/tpbackend/entity/Usuario.java. Using fallback presentation compiler.[0m
2026.05.11 11:12:19 INFO  no build target found for /home/notebook/Documentos/gdsi/GestorAlquileres/backend/src/main/java/com/gestion/tpbackend/entity/Usuario.java. Using fallback presentation compiler.[0m
2026.05.11 11:12:37 INFO  no build target found for /home/notebook/Documentos/gdsi/GestorAlquileres/backend/src/main/java/com/gestion/tpbackend/entity/Usuario.java. Using fallback presentation compiler.[0m
2026.05.11 11:12:38 INFO  no build target found for /home/notebook/Documentos/gdsi/GestorAlquileres/backend/src/main/java/com/gestion/tpbackend/entity/Usuario.java. Using fallback presentation compiler.[0m
2026.05.11 11:12:40 INFO  no build target found for /home/notebook/Documentos/gdsi/GestorAlquileres/backend/src/main/java/com/gestion/tpbackend/entity/Usuario.java. Using fallback presentation compiler.[0m
2026.05.11 11:12:47 INFO  no build target found for /home/notebook/Documentos/gdsi/GestorAlquileres/backend/src/main/java/com/gestion/tpbackend/entity/Usuario.java. Using fallback presentation compiler.[0m
2026.05.11 11:12:47 INFO  no build target found for /home/notebook/Documentos/gdsi/GestorAlquileres/backend/src/main/java/com/gestion/tpbackend/entity/Usuario.java. Using fallback presentation compiler.[0m
2026.05.11 11:12:49 INFO  no build target found for /home/notebook/Documentos/gdsi/GestorAlquileres/backend/src/main/java/com/gestion/tpbackend/entity/Usuario.java. Using fallback presentation compiler.[0m
2026.05.11 11:12:49 INFO  no build target found for /home/notebook/Documentos/gdsi/GestorAlquileres/backend/src/main/java/com/gestion/tpbackend/entity/Usuario.java. Using fallback presentation compiler.[0m
2026.05.11 11:12:50 WARN  no build target for: /home/notebook/Documentos/gdsi/GestorAlquileres/backend/src/main/java/com/gestion/tpbackend/entity/Usuario.java[0m
2026.05.11 11:12:51 INFO  no build target found for /home/notebook/Documentos/gdsi/GestorAlquileres/backend/src/main/java/com/gestion/tpbackend/entity/Usuario.java. Using fallback presentation compiler.[0m
2026.05.11 11:12:51 INFO  no build target found for /home/notebook/Documentos/gdsi/GestorAlquileres/backend/src/main/java/com/gestion/tpbackend/entity/Usuario.java. Using fallback presentation compiler.[0m
2026.05.11 11:12:52 INFO  no build target found for /home/notebook/Documentos/gdsi/GestorAlquileres/backend/src/main/java/com/gestion/tpbackend/entity/Usuario.java. Using fallback presentation compiler.[0m
2026.05.11 11:12:53 INFO  no build target found for /home/notebook/Documentos/gdsi/GestorAlquileres/backend/src/main/java/com/gestion/tpbackend/entity/Usuario.java. Using fallback presentation compiler.[0m
2026.05.11 11:12:53 INFO  no build target found for /home/notebook/Documentos/gdsi/GestorAlquileres/backend/src/main/java/com/gestion/tpbackend/entity/Usuario.java. Using fallback presentation compiler.[0m
2026.05.11 11:12:54 INFO  no build target found for /home/notebook/Documentos/gdsi/GestorAlquileres/backend/src/main/java/com/gestion/tpbackend/entity/Usuario.java. Using fallback presentation compiler.[0m
2026.05.11 11:12:54 INFO  no build target found for /home/notebook/Documentos/gdsi/GestorAlquileres/backend/src/main/java/com/gestion/tpbackend/entity/Usuario.java. Using fallback presentation compiler.[0m
2026.05.11 11:12:54 INFO  no build target found for /home/notebook/Documentos/gdsi/GestorAlquileres/backend/src/main/java/com/gestion/tpbackend/entity/Usuario.java. Using fallback presentation compiler.[0m
2026.05.11 11:12:54 INFO  no build target found for /home/notebook/Documentos/gdsi/GestorAlquileres/backend/src/main/java/com/gestion/tpbackend/entity/Usuario.java. Using fallback presentation compiler.[0m
2026.05.11 11:12:54 INFO  no build target found for /home/notebook/Documentos/gdsi/GestorAlquileres/backend/src/main/java/com/gestion/tpbackend/entity/Usuario.java. Using fallback presentation compiler.[0m
2026.05.11 11:12:54 INFO  no build target found for /home/notebook/Documentos/gdsi/GestorAlquileres/backend/src/main/java/com/gestion/tpbackend/entity/Usuario.java. Using fallback presentation compiler.[0m
2026.05.11 11:12:54 INFO  no build target found for /home/notebook/Documentos/gdsi/GestorAlquileres/backend/src/main/java/com/gestion/tpbackend/entity/Usuario.java. Using fallback presentation compiler.[0m
2026.05.11 11:12:54 INFO  no build target found for /home/notebook/Documentos/gdsi/GestorAlquileres/backend/src/main/java/com/gestion/tpbackend/entity/Usuario.java. Using fallback presentation compiler.[0m
2026.05.11 11:12:55 INFO  no build target found for /home/notebook/Documentos/gdsi/GestorAlquileres/backend/src/main/java/com/gestion/tpbackend/entity/Usuario.java. Using fallback presentation compiler.[0m
2026.05.11 11:12:55 INFO  no build target found for /home/notebook/Documentos/gdsi/GestorAlquileres/backend/src/main/java/com/gestion/tpbackend/entity/Usuario.java. Using fallback presentation compiler.[0m
2026.05.11 11:12:55 INFO  no build target found for /home/notebook/Documentos/gdsi/GestorAlquileres/backend/src/main/java/com/gestion/tpbackend/entity/Usuario.java. Using fallback presentation compiler.[0m
2026.05.11 11:12:55 INFO  no build target found for /home/notebook/Documentos/gdsi/GestorAlquileres/backend/src/main/java/com/gestion/tpbackend/entity/Usuario.java. Using fallback presentation compiler.[0m
2026.05.11 11:12:57 WARN  no build target for: /home/notebook/Documentos/gdsi/GestorAlquileres/backend/src/main/java/com/gestion/tpbackend/entity/Usuario.java[0m
2026.05.11 11:12:58 INFO  no build target found for /home/notebook/Documentos/gdsi/GestorAlquileres/backend/src/main/java/com/gestion/tpbackend/entity/Usuario.java. Using fallback presentation compiler.[0m
2026.05.11 11:13:00 INFO  no build target found for /home/notebook/Documentos/gdsi/GestorAlquileres/backend/src/main/java/com/gestion/tpbackend/entity/Usuario.java. Using fallback presentation compiler.[0m
2026.05.11 11:13:00 INFO  no build target found for /home/notebook/Documentos/gdsi/GestorAlquileres/backend/src/main/java/com/gestion/tpbackend/entity/Usuario.java. Using fallback presentation compiler.[0m
2026.05.11 11:13:34 INFO  no build target found for /home/notebook/Documentos/gdsi/GestorAlquileres/backend/src/main/java/com/gestion/tpbackend/entity/Usuario.java. Using fallback presentation compiler.[0m
2026.05.11 11:13:34 INFO  no build target found for /home/notebook/Documentos/gdsi/GestorAlquileres/backend/src/main/java/com/gestion/tpbackend/entity/Usuario.java. Using fallback presentation compiler.[0m
2026.05.11 11:13:34 INFO  no build target found for /home/notebook/Documentos/gdsi/GestorAlquileres/backend/src/main/java/com/gestion/tpbackend/entity/Usuario.java. Using fallback presentation compiler.[0m
2026.05.11 11:13:34 INFO  no build target found for /home/notebook/Documentos/gdsi/GestorAlquileres/backend/src/main/java/com/gestion/tpbackend/entity/Usuario.java. Using fallback presentation compiler.[0m
2026.05.11 11:13:34 INFO  no build target found for /home/notebook/Documentos/gdsi/GestorAlquileres/backend/src/main/java/com/gestion/tpbackend/entity/Usuario.java. Using fallback presentation compiler.[0m
2026.05.11 11:13:36 WARN  no build target for: /home/notebook/Documentos/gdsi/GestorAlquileres/backend/src/main/java/com/gestion/tpbackend/entity/Usuario.java[0m
2026.05.11 11:13:36 INFO  no build target found for /home/notebook/Documentos/gdsi/GestorAlquileres/backend/src/main/java/com/gestion/tpbackend/entity/Usuario.java. Using fallback presentation compiler.[0m
2026.05.11 11:13:36 INFO  no build target found for /home/notebook/Documentos/gdsi/GestorAlquileres/backend/src/main/java/com/gestion/tpbackend/entity/Usuario.java. Using fallback presentation compiler.[0m
2026.05.11 11:13:44 INFO  no build target found for /home/notebook/Documentos/gdsi/GestorAlquileres/backend/src/main/java/com/gestion/tpbackend/entity/Usuario.java. Using fallback presentation compiler.[0m
2026.05.11 11:13:44 INFO  no build target found for /home/notebook/Documentos/gdsi/GestorAlquileres/backend/src/main/java/com/gestion/tpbackend/entity/Usuario.java. Using fallback presentation compiler.[0m
2026.05.11 11:13:44 INFO  no build target found for /home/notebook/Documentos/gdsi/GestorAlquileres/backend/src/main/java/com/gestion/tpbackend/entity/Usuario.java. Using fallback presentation compiler.[0m
2026.05.11 11:13:47 INFO  no build target found for /home/notebook/Documentos/gdsi/GestorAlquileres/backend/src/main/java/com/gestion/tpbackend/entity/Usuario.java. Using fallback presentation compiler.[0m
2026.05.11 11:13:47 INFO  no build target found for /home/notebook/Documentos/gdsi/GestorAlquileres/backend/src/main/java/com/gestion/tpbackend/entity/Usuario.java. Using fallback presentation compiler.[0m
2026.05.11 11:13:48 WARN  no build target for: /home/notebook/Documentos/gdsi/GestorAlquileres/backend/src/main/java/com/gestion/tpbackend/entity/Usuario.java[0m
2026.05.11 11:13:53 INFO  no build target found for /home/notebook/Documentos/gdsi/GestorAlquileres/backend/src/main/java/com/gestion/tpbackend/entity/Usuario.java. Using fallback presentation compiler.[0m
2026.05.11 11:13:53 INFO  no build target found for /home/notebook/Documentos/gdsi/GestorAlquileres/backend/src/main/java/com/gestion/tpbackend/entity/Usuario.java. Using fallback presentation compiler.[0m
2026.05.11 11:13:54 INFO  no build target found for /home/notebook/Documentos/gdsi/GestorAlquileres/backend/src/main/java/com/gestion/tpbackend/entity/Usuario.java. Using fallback presentation compiler.[0m
2026.05.11 11:13:56 INFO  no build target found for /home/notebook/Documentos/gdsi/GestorAlquileres/backend/src/main/java/com/gestion/tpbackend/entity/Usuario.java. Using fallback presentation compiler.[0m
2026.05.11 11:13:56 INFO  no build target found for /home/notebook/Documentos/gdsi/GestorAlquileres/backend/src/main/java/com/gestion/tpbackend/entity/Usuario.java. Using fallback presentation compiler.[0m
2026.05.11 11:13:57 WARN  no build target for: /home/notebook/Documentos/gdsi/GestorAlquileres/backend/src/main/java/com/gestion/tpbackend/entity/Usuario.java[0m
2026.05.11 11:13:57 INFO  no build target found for /home/notebook/Documentos/gdsi/GestorAlquileres/backend/src/main/java/com/gestion/tpbackend/entity/Usuario.java. Using fallback presentation compiler.[0m
2026.05.11 11:13:57 INFO  no build target found for /home/notebook/Documentos/gdsi/GestorAlquileres/backend/src/main/java/com/gestion/tpbackend/entity/Usuario.java. Using fallback presentation compiler.[0m
2026.05.11 11:13:57 INFO  no build target found for /home/notebook/Documentos/gdsi/GestorAlquileres/backend/src/main/java/com/gestion/tpbackend/entity/Usuario.java. Using fallback presentation compiler.[0m
2026.05.11 11:13:59 INFO  no build target found for /home/notebook/Documentos/gdsi/GestorAlquileres/backend/src/main/java/com/gestion/tpbackend/entity/Usuario.java. Using fallback presentation compiler.[0m
2026.05.11 11:13:59 INFO  no build target found for /home/notebook/Documentos/gdsi/GestorAlquileres/backend/src/main/java/com/gestion/tpbackend/entity/Usuario.java. Using fallback presentation compiler.[0m
2026.05.11 11:14:00 WARN  no build target for: /home/notebook/Documentos/gdsi/GestorAlquileres/backend/src/main/java/com/gestion/tpbackend/entity/Usuario.java[0m
2026.05.11 11:14:19 INFO  no build target found for /home/notebook/Documentos/gdsi/GestorAlquileres/backend/src/main/java/com/gestion/tpbackend/service/UsuarioService.java. Using fallback presentation compiler.[0m
2026.05.11 11:14:19 INFO  no build target found for /home/notebook/Documentos/gdsi/GestorAlquileres/backend/src/main/java/com/gestion/tpbackend/service/UsuarioService.java. Using fallback presentation compiler.[0m
2026.05.11 11:14:20 INFO  no build target found for /home/notebook/Documentos/gdsi/GestorAlquileres/backend/src/main/java/com/gestion/tpbackend/service/UsuarioService.java. Using fallback presentation compiler.[0m
2026.05.11 11:14:20 INFO  no build target found for /home/notebook/Documentos/gdsi/GestorAlquileres/backend/src/main/java/com/gestion/tpbackend/service/UsuarioService.java. Using fallback presentation compiler.[0m
2026.05.11 11:14:21 INFO  no build target found for /home/notebook/Documentos/gdsi/GestorAlquileres/backend/src/main/java/com/gestion/tpbackend/service/UsuarioService.java. Using fallback presentation compiler.[0m
2026.05.11 11:15:21 INFO  no build target found for /home/notebook/Documentos/gdsi/GestorAlquileres/backend/src/main/java/com/gestion/tpbackend/service/UsuarioService.java. Using fallback presentation compiler.[0m
2026.05.11 11:15:21 INFO  no build target found for /home/notebook/Documentos/gdsi/GestorAlquileres/backend/src/main/java/com/gestion/tpbackend/service/UsuarioService.java. Using fallback presentation compiler.[0m
2026.05.11 11:15:22 INFO  no build target found for /home/notebook/Documentos/gdsi/GestorAlquileres/backend/src/main/java/com/gestion/tpbackend/service/UsuarioService.java. Using fallback presentation compiler.[0m
2026.05.11 11:15:22 INFO  no build target found for /home/notebook/Documentos/gdsi/GestorAlquileres/backend/src/main/java/com/gestion/tpbackend/service/UsuarioService.java. Using fallback presentation compiler.[0m
2026.05.11 11:15:22 INFO  no build target found for /home/notebook/Documentos/gdsi/GestorAlquileres/backend/src/main/java/com/gestion/tpbackend/service/UsuarioService.java. Using fallback presentation compiler.[0m
2026.05.11 11:15:23 INFO  no build target found for /home/notebook/Documentos/gdsi/GestorAlquileres/backend/src/main/java/com/gestion/tpbackend/service/UsuarioService.java. Using fallback presentation compiler.[0m
2026.05.11 11:15:24 WARN  no build target for: /home/notebook/Documentos/gdsi/GestorAlquileres/backend/src/main/java/com/gestion/tpbackend/service/UsuarioService.java[0m
2026.05.11 11:15:23 INFO  no build target found for /home/notebook/Documentos/gdsi/GestorAlquileres/backend/src/main/java/com/gestion/tpbackend/service/UsuarioService.java. Using fallback presentation compiler.[0m
2026.05.11 11:15:24 INFO  no build target found for /home/notebook/Documentos/gdsi/GestorAlquileres/backend/src/main/java/com/gestion/tpbackend/service/UsuarioService.java. Using fallback presentation compiler.[0m
2026.05.11 11:15:24 INFO  no build target found for /home/notebook/Documentos/gdsi/GestorAlquileres/backend/src/main/java/com/gestion/tpbackend/service/UsuarioService.java. Using fallback presentation compiler.[0m
2026.05.11 11:15:24 INFO  no build target found for /home/notebook/Documentos/gdsi/GestorAlquileres/backend/src/main/java/com/gestion/tpbackend/service/UsuarioService.java. Using fallback presentation compiler.[0m
2026.05.11 11:15:24 INFO  no build target found for /home/notebook/Documentos/gdsi/GestorAlquileres/backend/src/main/java/com/gestion/tpbackend/service/UsuarioService.java. Using fallback presentation compiler.[0m
2026.05.11 11:15:24 INFO  no build target found for /home/notebook/Documentos/gdsi/GestorAlquileres/backend/src/main/java/com/gestion/tpbackend/service/UsuarioService.java. Using fallback presentation compiler.[0m
2026.05.11 11:15:24 INFO  no build target found for /home/notebook/Documentos/gdsi/GestorAlquileres/backend/src/main/java/com/gestion/tpbackend/service/UsuarioService.java. Using fallback presentation compiler.[0m
2026.05.11 11:15:26 INFO  no build target found for /home/notebook/Documentos/gdsi/GestorAlquileres/backend/src/main/java/com/gestion/tpbackend/service/UsuarioService.java. Using fallback presentation compiler.[0m
2026.05.11 11:15:26 INFO  no build target found for /home/notebook/Documentos/gdsi/GestorAlquileres/backend/src/main/java/com/gestion/tpbackend/service/UsuarioService.java. Using fallback presentation compiler.[0m
2026.05.11 11:15:26 INFO  no build target found for /home/notebook/Documentos/gdsi/GestorAlquileres/backend/src/main/java/com/gestion/tpbackend/service/UsuarioService.java. Using fallback presentation compiler.[0m
2026.05.11 11:15:26 INFO  no build target found for /home/notebook/Documentos/gdsi/GestorAlquileres/backend/src/main/java/com/gestion/tpbackend/service/UsuarioService.java. Using fallback presentation compiler.[0m
2026.05.11 11:15:28 INFO  no build target found for /home/notebook/Documentos/gdsi/GestorAlquileres/backend/src/main/java/com/gestion/tpbackend/service/UsuarioService.java. Using fallback presentation compiler.[0m
2026.05.11 11:15:28 INFO  no build target found for /home/notebook/Documentos/gdsi/GestorAlquileres/backend/src/main/java/com/gestion/tpbackend/service/UsuarioService.java. Using fallback presentation compiler.[0m
2026.05.11 11:15:28 INFO  no build target found for /home/notebook/Documentos/gdsi/GestorAlquileres/backend/src/main/java/com/gestion/tpbackend/service/UsuarioService.java. Using fallback presentation compiler.[0m
2026.05.11 11:15:28 INFO  no build target found for /home/notebook/Documentos/gdsi/GestorAlquileres/backend/src/main/java/com/gestion/tpbackend/service/UsuarioService.java. Using fallback presentation compiler.[0m
2026.05.11 11:15:29 INFO  no build target found for /home/notebook/Documentos/gdsi/GestorAlquileres/backend/src/main/java/com/gestion/tpbackend/service/UsuarioService.java. Using fallback presentation compiler.[0m
2026.05.11 11:15:29 INFO  no build target found for /home/notebook/Documentos/gdsi/GestorAlquileres/backend/src/main/java/com/gestion/tpbackend/service/UsuarioService.java. Using fallback presentation compiler.[0m
2026.05.11 11:15:29 INFO  no build target found for /home/notebook/Documentos/gdsi/GestorAlquileres/backend/src/main/java/com/gestion/tpbackend/service/UsuarioService.java. Using fallback presentation compiler.[0m
2026.05.11 11:15:29 INFO  no build target found for /home/notebook/Documentos/gdsi/GestorAlquileres/backend/src/main/java/com/gestion/tpbackend/service/UsuarioService.java. Using fallback presentation compiler.[0m
2026.05.11 11:15:30 INFO  no build target found for /home/notebook/Documentos/gdsi/GestorAlquileres/backend/src/main/java/com/gestion/tpbackend/service/UsuarioService.java. Using fallback presentation compiler.[0m
2026.05.11 11:15:30 WARN  no build target for: /home/notebook/Documentos/gdsi/GestorAlquileres/backend/src/main/java/com/gestion/tpbackend/service/UsuarioService.java[0m
2026.05.11 11:16:10 INFO  no build target found for /home/notebook/Documentos/gdsi/GestorAlquileres/backend/src/main/java/com/gestion/tpbackend/service/UsuarioService.java. Using fallback presentation compiler.[0m
2026.05.11 11:16:10 INFO  no build target found for /home/notebook/Documentos/gdsi/GestorAlquileres/backend/src/main/java/com/gestion/tpbackend/service/UsuarioService.java. Using fallback presentation compiler.[0m
2026.05.11 11:16:10 INFO  no build target found for /home/notebook/Documentos/gdsi/GestorAlquileres/backend/src/main/java/com/gestion/tpbackend/service/UsuarioService.java. Using fallback presentation compiler.[0m
2026.05.11 11:16:10 INFO  no build target found for /home/notebook/Documentos/gdsi/GestorAlquileres/backend/src/main/java/com/gestion/tpbackend/service/UsuarioService.java. Using fallback presentation compiler.[0m
2026.05.11 11:16:11 INFO  no build target found for /home/notebook/Documentos/gdsi/GestorAlquileres/backend/src/main/java/com/gestion/tpbackend/service/UsuarioService.java. Using fallback presentation compiler.[0m
2026.05.11 11:16:16 INFO  no build target found for /home/notebook/Documentos/gdsi/GestorAlquileres/backend/src/main/java/com/gestion/tpbackend/entity/Usuario.java. Using fallback presentation compiler.[0m
2026.05.11 11:16:16 WARN  no build target for: /home/notebook/Documentos/gdsi/GestorAlquileres/backend/src/main/java/com/gestion/tpbackend/entity/Usuario.java[0m
2026.05.11 11:16:16 INFO  no build target found for /home/notebook/Documentos/gdsi/GestorAlquileres/backend/src/main/java/com/gestion/tpbackend/entity/Usuario.java. Using fallback presentation compiler.[0m
2026.05.11 11:16:16 INFO  no build target found for /home/notebook/Documentos/gdsi/GestorAlquileres/backend/src/main/java/com/gestion/tpbackend/entity/Usuario.java. Using fallback presentation compiler.[0m
2026.05.11 11:16:16 INFO  no build target found for /home/notebook/Documentos/gdsi/GestorAlquileres/backend/src/main/java/com/gestion/tpbackend/entity/Usuario.java. Using fallback presentation compiler.[0m
2026.05.11 11:16:17 INFO  no build target found for /home/notebook/Documentos/gdsi/GestorAlquileres/backend/src/main/java/com/gestion/tpbackend/entity/Usuario.java. Using fallback presentation compiler.[0m
2026.05.11 11:16:17 INFO  no build target found for /home/notebook/Documentos/gdsi/GestorAlquileres/backend/src/main/java/com/gestion/tpbackend/entity/Usuario.java. Using fallback presentation compiler.[0m
2026.05.11 11:16:17 INFO  no build target found for /home/notebook/Documentos/gdsi/GestorAlquileres/backend/src/main/java/com/gestion/tpbackend/entity/Usuario.java. Using fallback presentation compiler.[0m
2026.05.11 11:16:17 INFO  no build target found for /home/notebook/Documentos/gdsi/GestorAlquileres/backend/src/main/java/com/gestion/tpbackend/entity/Usuario.java. Using fallback presentation compiler.[0m
2026.05.11 11:16:48 INFO  no build target found for /home/notebook/Documentos/gdsi/GestorAlquileres/backend/src/main/java/com/gestion/tpbackend/entity/Usuario.java. Using fallback presentation compiler.[0m
2026.05.11 11:16:48 INFO  no build target found for /home/notebook/Documentos/gdsi/GestorAlquileres/backend/src/main/java/com/gestion/tpbackend/entity/Usuario.java. Using fallback presentation compiler.[0m
2026.05.11 11:16:49 INFO  no build target found for /home/notebook/Documentos/gdsi/GestorAlquileres/backend/src/main/java/com/gestion/tpbackend/entity/Usuario.java. Using fallback presentation compiler.[0m
2026.05.11 11:16:49 INFO  no build target found for /home/notebook/Documentos/gdsi/GestorAlquileres/backend/src/main/java/com/gestion/tpbackend/entity/Usuario.java. Using fallback presentation compiler.[0m
2026.05.11 11:16:49 INFO  no build target found for /home/notebook/Documentos/gdsi/GestorAlquileres/backend/src/main/java/com/gestion/tpbackend/entity/Usuario.java. Using fallback presentation compiler.[0m
2026.05.11 11:16:51 INFO  no build target found for /home/notebook/Documentos/gdsi/GestorAlquileres/backend/src/main/java/com/gestion/tpbackend/entity/Usuario.java. Using fallback presentation compiler.[0m
2026.05.11 11:16:51 WARN  no build target for: /home/notebook/Documentos/gdsi/GestorAlquileres/backend/src/main/java/com/gestion/tpbackend/entity/Usuario.java[0m
2026.05.11 11:16:52 INFO  no build target found for /home/notebook/Documentos/gdsi/GestorAlquileres/backend/src/main/java/com/gestion/tpbackend/entity/Usuario.java. Using fallback presentation compiler.[0m
2026.05.11 11:16:52 INFO  no build target found for /home/notebook/Documentos/gdsi/GestorAlquileres/backend/src/main/java/com/gestion/tpbackend/entity/Usuario.java. Using fallback presentation compiler.[0m
2026.05.11 11:16:52 INFO  no build target found for /home/notebook/Documentos/gdsi/GestorAlquileres/backend/src/main/java/com/gestion/tpbackend/entity/Usuario.java. Using fallback presentation compiler.[0m
2026.05.11 11:16:52 INFO  no build target found for /home/notebook/Documentos/gdsi/GestorAlquileres/backend/src/main/java/com/gestion/tpbackend/entity/Usuario.java. Using fallback presentation compiler.[0m
2026.05.11 11:16:53 INFO  no build target found for /home/notebook/Documentos/gdsi/GestorAlquileres/backend/src/main/java/com/gestion/tpbackend/entity/Usuario.java. Using fallback presentation compiler.[0m
2026.05.11 11:16:53 INFO  no build target found for /home/notebook/Documentos/gdsi/GestorAlquileres/backend/src/main/java/com/gestion/tpbackend/entity/Usuario.java. Using fallback presentation compiler.[0m
2026.05.11 11:16:54 WARN  no build target for: /home/notebook/Documentos/gdsi/GestorAlquileres/backend/src/main/java/com/gestion/tpbackend/entity/Usuario.java[0m
2026.05.11 11:17:39 INFO  no build target found for /home/notebook/Documentos/gdsi/GestorAlquileres/backend/src/main/java/com/gestion/tpbackend/entity/Usuario.java. Using fallback presentation compiler.[0m
2026.05.11 11:17:41 INFO  no build target found for /home/notebook/Documentos/gdsi/GestorAlquileres/backend/src/main/java/com/gestion/tpbackend/entity/Usuario.java. Using fallback presentation compiler.[0m
2026.05.11 11:17:41 INFO  no build target found for /home/notebook/Documentos/gdsi/GestorAlquileres/backend/src/main/java/com/gestion/tpbackend/entity/Usuario.java. Using fallback presentation compiler.[0m
2026.05.11 11:17:42 INFO  no build target found for /home/notebook/Documentos/gdsi/GestorAlquileres/backend/src/main/java/com/gestion/tpbackend/entity/Usuario.java. Using fallback presentation compiler.[0m
2026.05.11 11:17:42 INFO  no build target found for /home/notebook/Documentos/gdsi/GestorAlquileres/backend/src/main/java/com/gestion/tpbackend/entity/Usuario.java. Using fallback presentation compiler.[0m
2026.05.11 11:17:42 INFO  no build target found for /home/notebook/Documentos/gdsi/GestorAlquileres/backend/src/main/java/com/gestion/tpbackend/entity/Usuario.java. Using fallback presentation compiler.[0m
2026.05.11 11:17:43 INFO  no build target found for /home/notebook/Documentos/gdsi/GestorAlquileres/backend/src/main/java/com/gestion/tpbackend/entity/Usuario.java. Using fallback presentation compiler.[0m
2026.05.11 11:17:43 INFO  no build target found for /home/notebook/Documentos/gdsi/GestorAlquileres/backend/src/main/java/com/gestion/tpbackend/entity/Usuario.java. Using fallback presentation compiler.[0m
2026.05.11 11:17:45 WARN  no build target for: /home/notebook/Documentos/gdsi/GestorAlquileres/backend/src/main/java/com/gestion/tpbackend/entity/Usuario.java[0m
2026.05.11 11:17:46 INFO  no build target found for /home/notebook/Documentos/gdsi/GestorAlquileres/backend/src/main/java/com/gestion/tpbackend/service/UsuarioService.java. Using fallback presentation compiler.[0m
2026.05.11 11:17:46 WARN  no build target for: /home/notebook/Documentos/gdsi/GestorAlquileres/backend/src/main/java/com/gestion/tpbackend/service/UsuarioService.java[0m
2026.05.11 11:17:46 INFO  no build target found for /home/notebook/Documentos/gdsi/GestorAlquileres/backend/src/main/java/com/gestion/tpbackend/service/UsuarioService.java. Using fallback presentation compiler.[0m
2026.05.11 11:17:46 INFO  no build target found for /home/notebook/Documentos/gdsi/GestorAlquileres/backend/src/main/java/com/gestion/tpbackend/service/UsuarioService.java. Using fallback presentation compiler.[0m
2026.05.11 11:17:48 INFO  no build target found for /home/notebook/Documentos/gdsi/GestorAlquileres/backend/src/main/java/com/gestion/tpbackend/service/UsuarioService.java. Using fallback presentation compiler.[0m
2026.05.11 11:17:53 INFO  no build target found for /home/notebook/Documentos/gdsi/GestorAlquileres/backend/src/main/java/com/gestion/tpbackend/service/UsuarioService.java. Using fallback presentation compiler.[0m
2026.05.11 11:17:53 INFO  no build target found for /home/notebook/Documentos/gdsi/GestorAlquileres/backend/src/main/java/com/gestion/tpbackend/service/UsuarioService.java. Using fallback presentation compiler.[0m
2026.05.11 11:17:54 INFO  no build target found for /home/notebook/Documentos/gdsi/GestorAlquileres/backend/src/main/java/com/gestion/tpbackend/service/UsuarioService.java. Using fallback presentation compiler.[0m
2026.05.11 11:17:54 INFO  no build target found for /home/notebook/Documentos/gdsi/GestorAlquileres/backend/src/main/java/com/gestion/tpbackend/service/UsuarioService.java. Using fallback presentation compiler.[0m
2026.05.11 11:17:54 INFO  no build target found for /home/notebook/Documentos/gdsi/GestorAlquileres/backend/src/main/java/com/gestion/tpbackend/service/UsuarioService.java. Using fallback presentation compiler.[0m
2026.05.11 11:17:55 INFO  no build target found for /home/notebook/Documentos/gdsi/GestorAlquileres/backend/src/main/java/com/gestion/tpbackend/service/UsuarioService.java. Using fallback presentation compiler.[0m
2026.05.11 11:17:56 WARN  no build target for: /home/notebook/Documentos/gdsi/GestorAlquileres/backend/src/main/java/com/gestion/tpbackend/service/UsuarioService.java[0m
2026.05.11 11:48:24 INFO  no build target found for /home/notebook/Documentos/gdsi/GestorAlquileres/backend/src/main/java/com/gestion/tpbackend/config/WebConfig.java. Using fallback presentation compiler.[0m
2026.05.11 11:48:24 INFO  no build target found for /home/notebook/Documentos/gdsi/GestorAlquileres/backend/src/main/java/com/gestion/tpbackend/config/WebConfig.java. Using fallback presentation compiler.[0m
2026.05.11 11:52:18 INFO  no build target found for /home/notebook/Documentos/gdsi/GestorAlquileres/backend/src/main/java/com/gestion/tpbackend/service/UsuarioService.java. Using fallback presentation compiler.[0m
2026.05.11 11:52:18 WARN  no build target for: /home/notebook/Documentos/gdsi/GestorAlquileres/backend/src/main/java/com/gestion/tpbackend/service/UsuarioService.java[0m
2026.05.11 11:52:18 INFO  no build target found for /home/notebook/Documentos/gdsi/GestorAlquileres/backend/src/main/java/com/gestion/tpbackend/service/UsuarioService.java. Using fallback presentation compiler.[0m
2026.05.11 11:52:18 INFO  no build target found for /home/notebook/Documentos/gdsi/GestorAlquileres/backend/src/main/java/com/gestion/tpbackend/service/UsuarioService.java. Using fallback presentation compiler.[0m
2026.05.11 11:52:24 INFO  no build target found for /home/notebook/Documentos/gdsi/GestorAlquileres/backend/src/main/java/com/gestion/tpbackend/service/UsuarioService.java. Using fallback presentation compiler.[0m
2026.05.11 11:52:25 INFO  no build target found for /home/notebook/Documentos/gdsi/GestorAlquileres/backend/src/main/java/com/gestion/tpbackend/service/UsuarioService.java. Using fallback presentation compiler.[0m
2026.05.11 11:52:26 INFO  no build target found for /home/notebook/Documentos/gdsi/GestorAlquileres/backend/src/main/java/com/gestion/tpbackend/service/UsuarioService.java. Using fallback presentation compiler.[0m
2026.05.11 11:52:25 INFO  no build target found for /home/notebook/Documentos/gdsi/GestorAlquileres/backend/src/main/java/com/gestion/tpbackend/service/UsuarioService.java. Using fallback presentation compiler.[0m
2026.05.11 11:52:25 INFO  no build target found for /home/notebook/Documentos/gdsi/GestorAlquileres/backend/src/main/java/com/gestion/tpbackend/service/UsuarioService.java. Using fallback presentation compiler.[0m
may 11, 2026 11:52:26 A. M. org.eclipse.lsp4j.jsonrpc.RemoteEndpoint handleCancellation
ADVERTENCIA: Unmatched cancel notification for request id 444
2026.05.11 11:52:26 WARN  no build target for: /home/notebook/Documentos/gdsi/GestorAlquileres/backend/src/main/java/com/gestion/tpbackend/service/UsuarioService.java[0m
2026.05.11 11:53:19 INFO  no build target found for /home/notebook/Documentos/gdsi/GestorAlquileres/backend/src/main/java/com/gestion/tpbackend/service/UsuarioService.java. Using fallback presentation compiler.[0m
2026.05.11 11:53:24 INFO  no build target found for /home/notebook/Documentos/gdsi/GestorAlquileres/backend/src/main/java/com/gestion/tpbackend/config/WebConfig.java. Using fallback presentation compiler.[0m
2026.05.11 13:03:18 INFO  no build target found for /home/notebook/Documentos/gdsi/GestorAlquileres/backend/src/main/java/com/gestion/tpbackend/service/UsuarioService.java. Using fallback presentation compiler.[0m
2026.05.11 13:03:18 WARN  no build target for: /home/notebook/Documentos/gdsi/GestorAlquileres/backend/src/main/java/com/gestion/tpbackend/service/UsuarioService.java[0m
2026.05.11 13:03:18 INFO  no build target found for /home/notebook/Documentos/gdsi/GestorAlquileres/backend/src/main/java/com/gestion/tpbackend/service/UsuarioService.java. Using fallback presentation compiler.[0m
2026.05.11 13:03:18 INFO  no build target found for /home/notebook/Documentos/gdsi/GestorAlquileres/backend/src/main/java/com/gestion/tpbackend/service/UsuarioService.java. Using fallback presentation compiler.[0m
2026.05.11 13:03:20 INFO  no build target found for /home/notebook/Documentos/gdsi/GestorAlquileres/backend/src/main/java/com/gestion/tpbackend/service/UsuarioService.java. Using fallback presentation compiler.[0m
2026.05.11 13:07:03 INFO  no build target found for /home/notebook/Documentos/gdsi/GestorAlquileres/backend/src/main/java/com/gestion/tpbackend/controller/UnidadController.java. Using fallback presentation compiler.[0m
2026.05.11 13:07:03 INFO  no build target found for /home/notebook/Documentos/gdsi/GestorAlquileres/backend/src/main/java/com/gestion/tpbackend/controller/UnidadController.java. Using fallback presentation compiler.[0m
2026.05.11 13:08:37 INFO  no build target found for /home/notebook/Documentos/gdsi/GestorAlquileres/backend/src/main/java/com/gestion/tpbackend/controller/UnidadController.java. Using fallback presentation compiler.[0m
2026.05.11 13:08:37 INFO  no build target found for /home/notebook/Documentos/gdsi/GestorAlquileres/backend/src/main/java/com/gestion/tpbackend/controller/ContratoController.java. Using fallback presentation compiler.[0m
2026.05.11 13:08:37 INFO  no build target found for /home/notebook/Documentos/gdsi/GestorAlquileres/backend/src/main/java/com/gestion/tpbackend/controller/ContratoController.java. Using fallback presentation compiler.[0m
2026.05.11 13:08:38 INFO  no build target found for /home/notebook/Documentos/gdsi/GestorAlquileres/backend/src/main/java/com/gestion/tpbackend/controller/ContratoController.java. Using fallback presentation compiler.[0m
2026.05.11 13:08:38 INFO  no build target found for /home/notebook/Documentos/gdsi/GestorAlquileres/backend/src/main/java/com/gestion/tpbackend/controller/ContratoController.java. Using fallback presentation compiler.[0m
2026.05.11 13:08:38 INFO  no build target found for /home/notebook/Documentos/gdsi/GestorAlquileres/backend/src/main/java/com/gestion/tpbackend/controller/ContratoController.java. Using fallback presentation compiler.[0m
2026.05.11 13:08:38 INFO  no build target found for /home/notebook/Documentos/gdsi/GestorAlquileres/backend/src/main/java/com/gestion/tpbackend/controller/ContratoController.java. Using fallback presentation compiler.[0m
2026.05.11 13:08:39 INFO  no build target found for /home/notebook/Documentos/gdsi/GestorAlquileres/backend/src/main/java/com/gestion/tpbackend/controller/ContratoController.java. Using fallback presentation compiler.[0m
2026.05.11 13:08:39 INFO  no build target found for /home/notebook/Documentos/gdsi/GestorAlquileres/backend/src/main/java/com/gestion/tpbackend/controller/ContratoController.java. Using fallback presentation compiler.[0m
2026.05.11 13:08:39 INFO  no build target found for /home/notebook/Documentos/gdsi/GestorAlquileres/backend/src/main/java/com/gestion/tpbackend/controller/ContratoController.java. Using fallback presentation compiler.[0m
2026.05.11 13:09:07 INFO  no build target found for /home/notebook/Documentos/gdsi/GestorAlquileres/backend/src/main/java/com/gestion/tpbackend/controller/ContratoController.java. Using fallback presentation compiler.[0m
2026.05.11 13:09:12 INFO  no build target found for /home/notebook/Documentos/gdsi/GestorAlquileres/backend/src/main/java/com/gestion/tpbackend/controller/ContratoController.java. Using fallback presentation compiler.[0m
2026.05.11 13:09:12 INFO  no build target found for /home/notebook/Documentos/gdsi/GestorAlquileres/backend/src/main/java/com/gestion/tpbackend/controller/ContratoController.java. Using fallback presentation compiler.[0m
2026.05.11 13:09:14 INFO  no build target found for /home/notebook/Documentos/gdsi/GestorAlquileres/backend/src/main/java/com/gestion/tpbackend/controller/ContratoController.java. Using fallback presentation compiler.[0m
2026.05.11 13:09:14 INFO  no build target found for /home/notebook/Documentos/gdsi/GestorAlquileres/backend/src/main/java/com/gestion/tpbackend/controller/ContratoController.java. Using fallback presentation compiler.[0m
2026.05.11 13:09:15 INFO  no build target found for /home/notebook/Documentos/gdsi/GestorAlquileres/backend/src/main/java/com/gestion/tpbackend/controller/ContratoController.java. Using fallback presentation compiler.[0m
2026.05.11 13:09:15 INFO  no build target found for /home/notebook/Documentos/gdsi/GestorAlquileres/backend/src/main/java/com/gestion/tpbackend/controller/ContratoController.java. Using fallback presentation compiler.[0m
2026.05.11 13:09:15 INFO  no build target found for /home/notebook/Documentos/gdsi/GestorAlquileres/backend/src/main/java/com/gestion/tpbackend/controller/ContratoController.java. Using fallback presentation compiler.[0m
2026.05.11 13:09:16 WARN  no build target for: /home/notebook/Documentos/gdsi/GestorAlquileres/backend/src/main/java/com/gestion/tpbackend/controller/ContratoController.java[0m
2026.05.11 13:09:21 INFO  no build target found for /home/notebook/Documentos/gdsi/GestorAlquileres/backend/src/main/java/com/gestion/tpbackend/controller/ContratoController.java. Using fallback presentation compiler.[0m
2026.05.11 13:09:22 INFO  no build target found for /home/notebook/Documentos/gdsi/GestorAlquileres/backend/src/main/java/com/gestion/tpbackend/controller/ContratoController.java. Using fallback presentation compiler.[0m
2026.05.11 13:09:24 INFO  no build target found for /home/notebook/Documentos/gdsi/GestorAlquileres/backend/src/main/java/com/gestion/tpbackend/controller/ContratoController.java. Using fallback presentation compiler.[0m
2026.05.11 13:09:24 INFO  no build target found for /home/notebook/Documentos/gdsi/GestorAlquileres/backend/src/main/java/com/gestion/tpbackend/controller/ContratoController.java. Using fallback presentation compiler.[0m
2026.05.11 13:09:24 INFO  no build target found for /home/notebook/Documentos/gdsi/GestorAlquileres/backend/src/main/java/com/gestion/tpbackend/controller/ContratoController.java. Using fallback presentation compiler.[0m
2026.05.11 13:09:26 WARN  no build target for: /home/notebook/Documentos/gdsi/GestorAlquileres/backend/src/main/java/com/gestion/tpbackend/controller/ContratoController.java[0m
2026.05.11 13:09:37 INFO  no build target found for /home/notebook/Documentos/gdsi/GestorAlquileres/backend/src/main/java/com/gestion/tpbackend/service/UsuarioService.java. Using fallback presentation compiler.[0m
2026.05.11 13:09:37 WARN  no build target for: /home/notebook/Documentos/gdsi/GestorAlquileres/backend/src/main/java/com/gestion/tpbackend/service/UsuarioService.java[0m
2026.05.11 13:09:37 INFO  no build target found for /home/notebook/Documentos/gdsi/GestorAlquileres/backend/src/main/java/com/gestion/tpbackend/service/UsuarioService.java. Using fallback presentation compiler.[0m
2026.05.11 13:09:37 INFO  no build target found for /home/notebook/Documentos/gdsi/GestorAlquileres/backend/src/main/java/com/gestion/tpbackend/service/UsuarioService.java. Using fallback presentation compiler.[0m
2026.05.11 13:09:38 INFO  no build target found for /home/notebook/Documentos/gdsi/GestorAlquileres/backend/src/main/java/com/gestion/tpbackend/service/UsuarioService.java. Using fallback presentation compiler.[0m
2026.05.11 13:09:41 WARN  no build target for: /home/notebook/Documentos/gdsi/GestorAlquileres/backend/src/main/java/com/gestion/tpbackend/service/UsuarioService.java[0m
2026.05.11 13:09:42 INFO  no build target found for /home/notebook/Documentos/gdsi/GestorAlquileres/backend/src/main/java/com/gestion/tpbackend/service/UsuarioService.java. Using fallback presentation compiler.[0m
2026.05.11 13:09:42 INFO  no build target found for /home/notebook/Documentos/gdsi/GestorAlquileres/backend/src/main/java/com/gestion/tpbackend/service/UsuarioService.java. Using fallback presentation compiler.[0m
2026.05.11 13:09:42 INFO  no build target found for /home/notebook/Documentos/gdsi/GestorAlquileres/backend/src/main/java/com/gestion/tpbackend/service/UsuarioService.java. Using fallback presentation compiler.[0m
2026.05.11 13:09:42 INFO  no build target found for /home/notebook/Documentos/gdsi/GestorAlquileres/backend/src/main/java/com/gestion/tpbackend/service/UsuarioService.java. Using fallback presentation compiler.[0m
2026.05.11 13:10:09 INFO  no build target found for /home/notebook/Documentos/gdsi/GestorAlquileres/backend/src/main/java/com/gestion/tpbackend/service/ContratoService.java. Using fallback presentation compiler.[0m
2026.05.11 13:10:09 INFO  no build target found for /home/notebook/Documentos/gdsi/GestorAlquileres/backend/src/main/java/com/gestion/tpbackend/service/ContratoService.java. Using fallback presentation compiler.[0m
2026.05.11 13:10:18 INFO  no build target found for /home/notebook/Documentos/gdsi/GestorAlquileres/backend/src/main/java/com/gestion/tpbackend/controller/ContratoController.java. Using fallback presentation compiler.[0m
2026.05.11 13:10:18 WARN  no build target for: /home/notebook/Documentos/gdsi/GestorAlquileres/backend/src/main/java/com/gestion/tpbackend/controller/ContratoController.java[0m
2026.05.11 13:10:19 INFO  no build target found for /home/notebook/Documentos/gdsi/GestorAlquileres/backend/src/main/java/com/gestion/tpbackend/controller/ContratoController.java. Using fallback presentation compiler.[0m
2026.05.11 13:10:19 INFO  no build target found for /home/notebook/Documentos/gdsi/GestorAlquileres/backend/src/main/java/com/gestion/tpbackend/controller/ContratoController.java. Using fallback presentation compiler.[0m
2026.05.11 13:10:21 INFO  no build target found for /home/notebook/Documentos/gdsi/GestorAlquileres/backend/src/main/java/com/gestion/tpbackend/controller/ContratoController.java. Using fallback presentation compiler.[0m
2026.05.11 13:10:21 INFO  no build target found for /home/notebook/Documentos/gdsi/GestorAlquileres/backend/src/main/java/com/gestion/tpbackend/controller/ContratoController.java. Using fallback presentation compiler.[0m
2026.05.11 13:10:25 INFO  no build target found for /home/notebook/Documentos/gdsi/GestorAlquileres/backend/src/main/java/com/gestion/tpbackend/controller/ContratoController.java. Using fallback presentation compiler.[0m
2026.05.11 13:10:25 INFO  no build target found for /home/notebook/Documentos/gdsi/GestorAlquileres/backend/src/main/java/com/gestion/tpbackend/controller/ContratoController.java. Using fallback presentation compiler.[0m
2026.05.11 13:10:29 INFO  no build target found for /home/notebook/Documentos/gdsi/GestorAlquileres/backend/src/main/java/com/gestion/tpbackend/controller/ContratoController.java. Using fallback presentation compiler.[0m
2026.05.11 13:10:31 INFO  no build target found for /home/notebook/Documentos/gdsi/GestorAlquileres/backend/src/main/java/com/gestion/tpbackend/controller/ContratoController.java. Using fallback presentation compiler.[0m
2026.05.11 13:10:31 INFO  no build target found for /home/notebook/Documentos/gdsi/GestorAlquileres/backend/src/main/java/com/gestion/tpbackend/controller/ContratoController.java. Using fallback presentation compiler.[0m
2026.05.11 13:10:31 INFO  no build target found for /home/notebook/Documentos/gdsi/GestorAlquileres/backend/src/main/java/com/gestion/tpbackend/controller/ContratoController.java. Using fallback presentation compiler.[0m
2026.05.11 13:10:31 INFO  no build target found for /home/notebook/Documentos/gdsi/GestorAlquileres/backend/src/main/java/com/gestion/tpbackend/controller/ContratoController.java. Using fallback presentation compiler.[0m
2026.05.11 13:10:31 INFO  no build target found for /home/notebook/Documentos/gdsi/GestorAlquileres/backend/src/main/java/com/gestion/tpbackend/controller/ContratoController.java. Using fallback presentation compiler.[0m
2026.05.11 13:10:31 INFO  no build target found for /home/notebook/Documentos/gdsi/GestorAlquileres/backend/src/main/java/com/gestion/tpbackend/controller/ContratoController.java. Using fallback presentation compiler.[0m
may 11, 2026 1:10:31 P. M. org.eclipse.lsp4j.jsonrpc.RemoteEndpoint handleCancellation
ADVERTENCIA: Unmatched cancel notification for request id 594
2026.05.11 13:10:31 INFO  Created report: Optional[file:///home/notebook/Documentos/gdsi/GestorAlquileres/backend/src/main/java/com/gestion/tpbackend/controller/ContratoController.java][0m
2026.05.11 13:10:31 INFO  empty definition using pc, found symbol in pc:  (full report at: "/home/notebook/Documentos/gdsi/GestorAlquileres/.metals/.reports/metals-full/2026-05-11/r_empty-definition_13-10-32-032.md")[0m
2026.05.11 13:10:32 INFO  no build target found for /home/notebook/Documentos/gdsi/GestorAlquileres/backend/src/main/java/com/gestion/tpbackend/controller/ContratoController.java. Using fallback presentation compiler.[0m
2026.05.11 13:10:32 INFO  no build target found for /home/notebook/Documentos/gdsi/GestorAlquileres/backend/src/main/java/com/gestion/tpbackend/controller/ContratoController.java. Using fallback presentation compiler.[0m
2026.05.11 13:10:32 INFO  no build target found for /home/notebook/Documentos/gdsi/GestorAlquileres/backend/src/main/java/com/gestion/tpbackend/controller/ContratoController.java. Using fallback presentation compiler.[0m
2026.05.11 13:10:32 WARN  no build target for: /home/notebook/Documentos/gdsi/GestorAlquileres/backend/src/main/java/com/gestion/tpbackend/controller/ContratoController.java[0m
2026.05.11 13:10:32 INFO  no build target found for /home/notebook/Documentos/gdsi/GestorAlquileres/backend/src/main/java/com/gestion/tpbackend/controller/ContratoController.java. Using fallback presentation compiler.[0m
2026.05.11 13:10:32 INFO  no build target found for /home/notebook/Documentos/gdsi/GestorAlquileres/backend/src/main/java/com/gestion/tpbackend/controller/ContratoController.java. Using fallback presentation compiler.[0m
2026.05.11 13:10:32 INFO  no build target found for /home/notebook/Documentos/gdsi/GestorAlquileres/backend/src/main/java/com/gestion/tpbackend/controller/ContratoController.java. Using fallback presentation compiler.[0m
2026.05.11 13:10:32 INFO  no build target found for /home/notebook/Documentos/gdsi/GestorAlquileres/backend/src/main/java/com/gestion/tpbackend/controller/ContratoController.java. Using fallback presentation compiler.[0m
2026.05.11 13:10:34 INFO  no build target found for /home/notebook/Documentos/gdsi/GestorAlquileres/backend/src/main/java/com/gestion/tpbackend/controller/ContratoController.java. Using fallback presentation compiler.[0m
2026.05.11 13:10:36 INFO  no build target found for /home/notebook/Documentos/gdsi/GestorAlquileres/backend/src/main/java/com/gestion/tpbackend/controller/ContratoController.java. Using fallback presentation compiler.[0m
2026.05.11 13:10:36 INFO  no build target found for /home/notebook/Documentos/gdsi/GestorAlquileres/backend/src/main/java/com/gestion/tpbackend/controller/ContratoController.java. Using fallback presentation compiler.[0m
2026.05.11 13:10:39 INFO  no build target found for /home/notebook/Documentos/gdsi/GestorAlquileres/backend/src/main/java/com/gestion/tpbackend/controller/ContratoController.java. Using fallback presentation compiler.[0m
2026.05.11 13:10:39 INFO  no build target found for /home/notebook/Documentos/gdsi/GestorAlquileres/backend/src/main/java/com/gestion/tpbackend/controller/ContratoController.java. Using fallback presentation compiler.[0m
2026.05.11 13:10:39 INFO  no build target found for /home/notebook/Documentos/gdsi/GestorAlquileres/backend/src/main/java/com/gestion/tpbackend/controller/ContratoController.java. Using fallback presentation compiler.[0m
2026.05.11 13:10:42 INFO  no build target found for /home/notebook/Documentos/gdsi/GestorAlquileres/backend/src/main/java/com/gestion/tpbackend/controller/ContratoController.java. Using fallback presentation compiler.[0m
2026.05.11 13:10:42 INFO  no build target found for /home/notebook/Documentos/gdsi/GestorAlquileres/backend/src/main/java/com/gestion/tpbackend/controller/ContratoController.java. Using fallback presentation compiler.[0m
2026.05.11 13:10:42 INFO  no build target found for /home/notebook/Documentos/gdsi/GestorAlquileres/backend/src/main/java/com/gestion/tpbackend/controller/ContratoController.java. Using fallback presentation compiler.[0m
2026.05.11 13:10:43 INFO  no build target found for /home/notebook/Documentos/gdsi/GestorAlquileres/backend/src/main/java/com/gestion/tpbackend/controller/ContratoController.java. Using fallback presentation compiler.[0m
2026.05.11 13:10:43 INFO  no build target found for /home/notebook/Documentos/gdsi/GestorAlquileres/backend/src/main/java/com/gestion/tpbackend/controller/ContratoController.java. Using fallback presentation compiler.[0m
2026.05.11 13:10:43 INFO  no build target found for /home/notebook/Documentos/gdsi/GestorAlquileres/backend/src/main/java/com/gestion/tpbackend/controller/ContratoController.java. Using fallback presentation compiler.[0m
2026.05.11 13:10:43 INFO  no build target found for /home/notebook/Documentos/gdsi/GestorAlquileres/backend/src/main/java/com/gestion/tpbackend/controller/ContratoController.java. Using fallback presentation compiler.[0m
2026.05.11 13:10:43 INFO  no build target found for /home/notebook/Documentos/gdsi/GestorAlquileres/backend/src/main/java/com/gestion/tpbackend/controller/ContratoController.java. Using fallback presentation compiler.[0m
2026.05.11 13:10:43 INFO  no build target found for /home/notebook/Documentos/gdsi/GestorAlquileres/backend/src/main/java/com/gestion/tpbackend/controller/ContratoController.java. Using fallback presentation compiler.[0m
2026.05.11 13:10:44 INFO  no build target found for /home/notebook/Documentos/gdsi/GestorAlquileres/backend/src/main/java/com/gestion/tpbackend/controller/ContratoController.java. Using fallback presentation compiler.[0m
2026.05.11 13:10:44 INFO  no build target found for /home/notebook/Documentos/gdsi/GestorAlquileres/backend/src/main/java/com/gestion/tpbackend/controller/ContratoController.java. Using fallback presentation compiler.[0m
2026.05.11 13:10:44 INFO  no build target found for /home/notebook/Documentos/gdsi/GestorAlquileres/backend/src/main/java/com/gestion/tpbackend/controller/ContratoController.java. Using fallback presentation compiler.[0m
2026.05.11 13:10:44 INFO  no build target found for /home/notebook/Documentos/gdsi/GestorAlquileres/backend/src/main/java/com/gestion/tpbackend/controller/ContratoController.java. Using fallback presentation compiler.[0m
2026.05.11 13:10:45 INFO  no build target found for /home/notebook/Documentos/gdsi/GestorAlquileres/backend/src/main/java/com/gestion/tpbackend/controller/ContratoController.java. Using fallback presentation compiler.[0m
2026.05.11 13:10:46 WARN  no build target for: /home/notebook/Documentos/gdsi/GestorAlquileres/backend/src/main/java/com/gestion/tpbackend/controller/ContratoController.java[0m
2026.05.11 13:10:57 INFO  no build target found for /home/notebook/Documentos/gdsi/GestorAlquileres/backend/src/main/java/com/gestion/tpbackend/service/ContratoService.java. Using fallback presentation compiler.[0m
2026.05.11 13:10:57 WARN  no build target for: /home/notebook/Documentos/gdsi/GestorAlquileres/backend/src/main/java/com/gestion/tpbackend/service/ContratoService.java[0m
2026.05.11 13:10:57 INFO  no build target found for /home/notebook/Documentos/gdsi/GestorAlquileres/backend/src/main/java/com/gestion/tpbackend/service/ContratoService.java. Using fallback presentation compiler.[0m
2026.05.11 13:10:58 INFO  no build target found for /home/notebook/Documentos/gdsi/GestorAlquileres/backend/src/main/java/com/gestion/tpbackend/service/ContratoService.java. Using fallback presentation compiler.[0m
2026.05.11 13:10:58 INFO  no build target found for /home/notebook/Documentos/gdsi/GestorAlquileres/backend/src/main/java/com/gestion/tpbackend/service/ContratoService.java. Using fallback presentation compiler.[0m
2026.05.11 13:10:58 INFO  no build target found for /home/notebook/Documentos/gdsi/GestorAlquileres/backend/src/main/java/com/gestion/tpbackend/service/ContratoService.java. Using fallback presentation compiler.[0m
2026.05.11 13:10:58 INFO  no build target found for /home/notebook/Documentos/gdsi/GestorAlquileres/backend/src/main/java/com/gestion/tpbackend/service/ContratoService.java. Using fallback presentation compiler.[0m
2026.05.11 13:11:00 WARN  no build target for: /home/notebook/Documentos/gdsi/GestorAlquileres/backend/src/main/java/com/gestion/tpbackend/service/ContratoService.java[0m
2026.05.11 13:11:00 INFO  Created report: Optional[file:///home/notebook/Documentos/gdsi/GestorAlquileres/backend/src/main/java/com/gestion/tpbackend/service/ContratoService.java][0m
2026.05.11 13:11:00 INFO  QDox parse error in file:///home/notebook/Documentos/gdsi/GestorAlquileres/backend/src/main/java/com/gestion/tpbackend/service/ContratoService.java (full report at: "/home/notebook/Documentos/gdsi/GestorAlquileres/.metals/.reports/metals-full/2026-05-11/r_qdox-error_13-11-00-055.md")[0m
2026.05.11 13:11:00 WARN  Running javac-semanticdb failed for file:///home/notebook/Documentos/gdsi/GestorAlquileres/backend/src/main/java/com/gestion/tpbackend/service/ContratoService.java. Output:
[0m
2026.05.11 13:11:00 INFO  no build target found for /home/notebook/Documentos/gdsi/GestorAlquileres/backend/src/main/java/com/gestion/tpbackend/service/ContratoService.java. Using fallback presentation compiler.[0m
2026.05.11 13:11:00 INFO  no build target found for /home/notebook/Documentos/gdsi/GestorAlquileres/backend/src/main/java/com/gestion/tpbackend/service/ContratoService.java. Using fallback presentation compiler.[0m
2026.05.11 13:11:00 WARN  Running javac-semanticdb failed for file:///home/notebook/Documentos/gdsi/GestorAlquileres/backend/src/main/java/com/gestion/tpbackend/service/ContratoService.java. Output:
[0m
2026.05.11 13:11:00 INFO  QDox parse error in file:///home/notebook/Documentos/gdsi/GestorAlquileres/backend/src/main/java/com/gestion/tpbackend/service/ContratoService.java (full report at: "/home/notebook/Documentos/gdsi/GestorAlquileres/.metals/.reports/metals-full/2026-05-11/r_qdox-error_13-11-00-055.md")[0m
2026.05.11 13:11:00 INFO  no build target found for /home/notebook/Documentos/gdsi/GestorAlquileres/backend/src/main/java/com/gestion/tpbackend/service/ContratoService.java. Using fallback presentation compiler.[0m
2026.05.11 13:11:00 INFO  QDox parse error in file:///home/notebook/Documentos/gdsi/GestorAlquileres/backend/src/main/java/com/gestion/tpbackend/service/ContratoService.java (full report at: "/home/notebook/Documentos/gdsi/GestorAlquileres/.metals/.reports/metals-full/2026-05-11/r_qdox-error_13-11-00-055.md")[0m
2026.05.11 13:11:00 INFO  Created report: Optional[file:///home/notebook/Documentos/gdsi/GestorAlquileres/backend/src/main/java/com/gestion/tpbackend/service/ContratoService.java][0m
2026.05.11 13:11:00 INFO  empty definition using pc, found symbol in pc: DeudaService/AplicacionDetalle# (full report at: "/home/notebook/Documentos/gdsi/GestorAlquileres/.metals/.reports/metals-full/2026-05-11/r_empty-definition_13-11-00-340.md")[0m
2026.05.11 13:11:00 INFO  no build target found for /home/notebook/Documentos/gdsi/GestorAlquileres/backend/src/main/java/com/gestion/tpbackend/service/ContratoService.java. Using fallback presentation compiler.[0m
2026.05.11 13:11:00 INFO  no build target found for /home/notebook/Documentos/gdsi/GestorAlquileres/backend/src/main/java/com/gestion/tpbackend/service/ContratoService.java. Using fallback presentation compiler.[0m
2026.05.11 13:11:00 INFO  QDox parse error in file:///home/notebook/Documentos/gdsi/GestorAlquileres/backend/src/main/java/com/gestion/tpbackend/service/ContratoService.java (full report at: "/home/notebook/Documentos/gdsi/GestorAlquileres/.metals/.reports/metals-full/2026-05-11/r_qdox-error_13-11-00-055.md")[0m
2026.05.11 13:11:00 INFO  no build target found for /home/notebook/Documentos/gdsi/GestorAlquileres/backend/src/main/java/com/gestion/tpbackend/service/ContratoService.java. Using fallback presentation compiler.[0m
2026.05.11 13:11:00 INFO  QDox parse error in file:///home/notebook/Documentos/gdsi/GestorAlquileres/backend/src/main/java/com/gestion/tpbackend/service/ContratoService.java (full report at: "/home/notebook/Documentos/gdsi/GestorAlquileres/.metals/.reports/metals-full/2026-05-11/r_qdox-error_13-11-00-055.md")[0m
2026.05.11 13:11:00 INFO  empty definition using pc, found symbol in pc: DeudaService/AplicacionDetalle# (full report at: "/home/notebook/Documentos/gdsi/GestorAlquileres/.metals/.reports/metals-full/2026-05-11/r_empty-definition_13-11-00-340.md")[0m
2026.05.11 13:11:01 INFO  no build target found for /home/notebook/Documentos/gdsi/GestorAlquileres/backend/src/main/java/com/gestion/tpbackend/service/ContratoService.java. Using fallback presentation compiler.[0m
2026.05.11 13:11:01 WARN  no build target for: /home/notebook/Documentos/gdsi/GestorAlquileres/backend/src/main/java/com/gestion/tpbackend/service/ContratoService.java[0m
2026.05.11 13:11:01 INFO  empty definition using pc, found symbol in pc: DeudaService/AplicacionDetalle# (full report at: "/home/notebook/Documentos/gdsi/GestorAlquileres/.metals/.reports/metals-full/2026-05-11/r_empty-definition_13-11-00-340.md")[0m
2026.05.11 13:11:01 INFO  no build target found for /home/notebook/Documentos/gdsi/GestorAlquileres/backend/src/main/java/com/gestion/tpbackend/service/ContratoService.java. Using fallback presentation compiler.[0m
2026.05.11 13:11:01 INFO  no build target found for /home/notebook/Documentos/gdsi/GestorAlquileres/backend/src/main/java/com/gestion/tpbackend/service/ContratoService.java. Using fallback presentation compiler.[0m
2026.05.11 13:12:19 INFO  no build target found for /home/notebook/Documentos/gdsi/GestorAlquileres/backend/src/main/java/com/gestion/tpbackend/service/ContratoService.java. Using fallback presentation compiler.[0m
2026.05.11 13:12:19 INFO  no build target found for /home/notebook/Documentos/gdsi/GestorAlquileres/backend/src/main/java/com/gestion/tpbackend/service/ContratoService.java. Using fallback presentation compiler.[0m
2026.05.11 13:12:19 INFO  no build target found for /home/notebook/Documentos/gdsi/GestorAlquileres/backend/src/main/java/com/gestion/tpbackend/service/ContratoService.java. Using fallback presentation compiler.[0m
2026.05.11 13:12:19 INFO  no build target found for /home/notebook/Documentos/gdsi/GestorAlquileres/backend/src/main/java/com/gestion/tpbackend/service/ContratoService.java. Using fallback presentation compiler.[0m
2026.05.11 13:12:19 INFO  no build target found for /home/notebook/Documentos/gdsi/GestorAlquileres/backend/src/main/java/com/gestion/tpbackend/service/ContratoService.java. Using fallback presentation compiler.[0m
2026.05.11 13:12:19 INFO  no build target found for /home/notebook/Documentos/gdsi/GestorAlquileres/backend/src/main/java/com/gestion/tpbackend/service/ContratoService.java. Using fallback presentation compiler.[0m
2026.05.11 13:12:20 INFO  no build target found for /home/notebook/Documentos/gdsi/GestorAlquileres/backend/src/main/java/com/gestion/tpbackend/service/ContratoService.java. Using fallback presentation compiler.[0m
2026.05.11 13:12:21 WARN  no build target for: /home/notebook/Documentos/gdsi/GestorAlquileres/backend/src/main/java/com/gestion/tpbackend/service/ContratoService.java[0m
2026.05.11 13:12:23 INFO  no build target found for /home/notebook/Documentos/gdsi/GestorAlquileres/backend/src/main/java/com/gestion/tpbackend/service/ContratoService.java. Using fallback presentation compiler.[0m
2026.05.11 13:12:24 INFO  no build target found for /home/notebook/Documentos/gdsi/GestorAlquileres/backend/src/main/java/com/gestion/tpbackend/service/ContratoService.java. Using fallback presentation compiler.[0m
2026.05.11 13:12:24 INFO  no build target found for /home/notebook/Documentos/gdsi/GestorAlquileres/backend/src/main/java/com/gestion/tpbackend/service/ContratoService.java. Using fallback presentation compiler.[0m
2026.05.11 13:12:24 INFO  no build target found for /home/notebook/Documentos/gdsi/GestorAlquileres/backend/src/main/java/com/gestion/tpbackend/service/ContratoService.java. Using fallback presentation compiler.[0m
2026.05.11 13:12:26 INFO  no build target found for /home/notebook/Documentos/gdsi/GestorAlquileres/backend/src/main/java/com/gestion/tpbackend/service/ContratoService.java. Using fallback presentation compiler.[0m
2026.05.11 13:12:26 INFO  no build target found for /home/notebook/Documentos/gdsi/GestorAlquileres/backend/src/main/java/com/gestion/tpbackend/service/ContratoService.java. Using fallback presentation compiler.[0m
2026.05.11 13:12:26 INFO  no build target found for /home/notebook/Documentos/gdsi/GestorAlquileres/backend/src/main/java/com/gestion/tpbackend/service/ContratoService.java. Using fallback presentation compiler.[0m
2026.05.11 13:12:26 INFO  no build target found for /home/notebook/Documentos/gdsi/GestorAlquileres/backend/src/main/java/com/gestion/tpbackend/service/ContratoService.java. Using fallback presentation compiler.[0m
2026.05.11 13:12:27 INFO  no build target found for /home/notebook/Documentos/gdsi/GestorAlquileres/backend/src/main/java/com/gestion/tpbackend/service/ContratoService.java. Using fallback presentation compiler.[0m
2026.05.11 13:12:27 INFO  no build target found for /home/notebook/Documentos/gdsi/GestorAlquileres/backend/src/main/java/com/gestion/tpbackend/service/ContratoService.java. Using fallback presentation compiler.[0m
2026.05.11 13:12:28 WARN  no build target for: /home/notebook/Documentos/gdsi/GestorAlquileres/backend/src/main/java/com/gestion/tpbackend/service/ContratoService.java[0m
2026.05.11 13:12:27 INFO  no build target found for /home/notebook/Documentos/gdsi/GestorAlquileres/backend/src/main/java/com/gestion/tpbackend/service/ContratoService.java. Using fallback presentation compiler.[0m
2026.05.11 13:12:27 INFO  no build target found for /home/notebook/Documentos/gdsi/GestorAlquileres/backend/src/main/java/com/gestion/tpbackend/service/ContratoService.java. Using fallback presentation compiler.[0m
2026.05.11 13:12:29 INFO  no build target found for /home/notebook/Documentos/gdsi/GestorAlquileres/backend/src/main/java/com/gestion/tpbackend/service/ContratoService.java. Using fallback presentation compiler.[0m
2026.05.11 13:12:29 INFO  no build target found for /home/notebook/Documentos/gdsi/GestorAlquileres/backend/src/main/java/com/gestion/tpbackend/service/ContratoService.java. Using fallback presentation compiler.[0m
2026.05.11 13:12:30 WARN  no build target for: /home/notebook/Documentos/gdsi/GestorAlquileres/backend/src/main/java/com/gestion/tpbackend/service/ContratoService.java[0m
2026.05.11 13:12:32 INFO  no build target found for /home/notebook/Documentos/gdsi/GestorAlquileres/backend/src/main/java/com/gestion/tpbackend/service/ContratoService.java. Using fallback presentation compiler.[0m
2026.05.11 13:12:32 INFO  no build target found for /home/notebook/Documentos/gdsi/GestorAlquileres/backend/src/main/java/com/gestion/tpbackend/service/ContratoService.java. Using fallback presentation compiler.[0m
2026.05.11 13:12:32 INFO  no build target found for /home/notebook/Documentos/gdsi/GestorAlquileres/backend/src/main/java/com/gestion/tpbackend/service/ContratoService.java. Using fallback presentation compiler.[0m
2026.05.11 13:12:32 INFO  no build target found for /home/notebook/Documentos/gdsi/GestorAlquileres/backend/src/main/java/com/gestion/tpbackend/service/ContratoService.java. Using fallback presentation compiler.[0m
2026.05.11 13:12:33 INFO  no build target found for /home/notebook/Documentos/gdsi/GestorAlquileres/backend/src/main/java/com/gestion/tpbackend/service/ContratoService.java. Using fallback presentation compiler.[0m
2026.05.11 13:12:33 INFO  no build target found for /home/notebook/Documentos/gdsi/GestorAlquileres/backend/src/main/java/com/gestion/tpbackend/service/ContratoService.java. Using fallback presentation compiler.[0m
2026.05.11 13:12:35 INFO  no build target found for /home/notebook/Documentos/gdsi/GestorAlquileres/backend/src/main/java/com/gestion/tpbackend/service/ContratoService.java. Using fallback presentation compiler.[0m
2026.05.11 13:12:35 INFO  no build target found for /home/notebook/Documentos/gdsi/GestorAlquileres/backend/src/main/java/com/gestion/tpbackend/service/ContratoService.java. Using fallback presentation compiler.[0m
2026.05.11 13:12:35 WARN  no build target for: /home/notebook/Documentos/gdsi/GestorAlquileres/backend/src/main/java/com/gestion/tpbackend/service/ContratoService.java[0m
2026.05.11 13:12:35 INFO  no build target found for /home/notebook/Documentos/gdsi/GestorAlquileres/backend/src/main/java/com/gestion/tpbackend/service/ContratoService.java. Using fallback presentation compiler.[0m
2026.05.11 13:12:35 INFO  no build target found for /home/notebook/Documentos/gdsi/GestorAlquileres/backend/src/main/java/com/gestion/tpbackend/service/ContratoService.java. Using fallback presentation compiler.[0m
2026.05.11 13:12:35 INFO  no build target found for /home/notebook/Documentos/gdsi/GestorAlquileres/backend/src/main/java/com/gestion/tpbackend/service/ContratoService.java. Using fallback presentation compiler.[0m
2026.05.11 13:12:36 INFO  no build target found for /home/notebook/Documentos/gdsi/GestorAlquileres/backend/src/main/java/com/gestion/tpbackend/service/ContratoService.java. Using fallback presentation compiler.[0m
2026.05.11 13:12:36 INFO  no build target found for /home/notebook/Documentos/gdsi/GestorAlquileres/backend/src/main/java/com/gestion/tpbackend/service/ContratoService.java. Using fallback presentation compiler.[0m
2026.05.11 13:12:36 INFO  no build target found for /home/notebook/Documentos/gdsi/GestorAlquileres/backend/src/main/java/com/gestion/tpbackend/service/ContratoService.java. Using fallback presentation compiler.[0m
2026.05.11 13:12:36 WARN  no build target for: /home/notebook/Documentos/gdsi/GestorAlquileres/backend/src/main/java/com/gestion/tpbackend/service/ContratoService.java[0m
2026.05.11 13:12:36 INFO  no build target found for /home/notebook/Documentos/gdsi/GestorAlquileres/backend/src/main/java/com/gestion/tpbackend/service/ContratoService.java. Using fallback presentation compiler.[0m
2026.05.11 13:12:37 INFO  no build target found for /home/notebook/Documentos/gdsi/GestorAlquileres/backend/src/main/java/com/gestion/tpbackend/service/ContratoService.java. Using fallback presentation compiler.[0m
2026.05.11 13:12:37 INFO  no build target found for /home/notebook/Documentos/gdsi/GestorAlquileres/backend/src/main/java/com/gestion/tpbackend/service/ContratoService.java. Using fallback presentation compiler.[0m
2026.05.11 13:12:37 INFO  no build target found for /home/notebook/Documentos/gdsi/GestorAlquileres/backend/src/main/java/com/gestion/tpbackend/service/ContratoService.java. Using fallback presentation compiler.[0m
2026.05.11 13:12:37 INFO  no build target found for /home/notebook/Documentos/gdsi/GestorAlquileres/backend/src/main/java/com/gestion/tpbackend/service/ContratoService.java. Using fallback presentation compiler.[0m
2026.05.11 13:12:37 INFO  no build target found for /home/notebook/Documentos/gdsi/GestorAlquileres/backend/src/main/java/com/gestion/tpbackend/service/ContratoService.java. Using fallback presentation compiler.[0m
2026.05.11 13:12:37 INFO  no build target found for /home/notebook/Documentos/gdsi/GestorAlquileres/backend/src/main/java/com/gestion/tpbackend/service/ContratoService.java. Using fallback presentation compiler.[0m
2026.05.11 13:12:37 INFO  no build target found for /home/notebook/Documentos/gdsi/GestorAlquileres/backend/src/main/java/com/gestion/tpbackend/service/ContratoService.java. Using fallback presentation compiler.[0m
2026.05.11 13:12:38 INFO  no build target found for /home/notebook/Documentos/gdsi/GestorAlquileres/backend/src/main/java/com/gestion/tpbackend/service/ContratoService.java. Using fallback presentation compiler.[0m
2026.05.11 13:12:38 INFO  no build target found for /home/notebook/Documentos/gdsi/GestorAlquileres/backend/src/main/java/com/gestion/tpbackend/service/ContratoService.java. Using fallback presentation compiler.[0m
2026.05.11 13:12:38 INFO  no build target found for /home/notebook/Documentos/gdsi/GestorAlquileres/backend/src/main/java/com/gestion/tpbackend/service/ContratoService.java. Using fallback presentation compiler.[0m
2026.05.11 13:12:38 INFO  no build target found for /home/notebook/Documentos/gdsi/GestorAlquileres/backend/src/main/java/com/gestion/tpbackend/service/ContratoService.java. Using fallback presentation compiler.[0m
2026.05.11 13:12:38 INFO  no build target found for /home/notebook/Documentos/gdsi/GestorAlquileres/backend/src/main/java/com/gestion/tpbackend/service/ContratoService.java. Using fallback presentation compiler.[0m
2026.05.11 13:12:38 WARN  no build target for: /home/notebook/Documentos/gdsi/GestorAlquileres/backend/src/main/java/com/gestion/tpbackend/service/ContratoService.java[0m
2026.05.11 13:12:38 INFO  no build target found for /home/notebook/Documentos/gdsi/GestorAlquileres/backend/src/main/java/com/gestion/tpbackend/service/ContratoService.java. Using fallback presentation compiler.[0m
2026.05.11 13:12:38 INFO  no build target found for /home/notebook/Documentos/gdsi/GestorAlquileres/backend/src/main/java/com/gestion/tpbackend/service/ContratoService.java. Using fallback presentation compiler.[0m
2026.05.11 13:12:38 INFO  no build target found for /home/notebook/Documentos/gdsi/GestorAlquileres/backend/src/main/java/com/gestion/tpbackend/service/ContratoService.java. Using fallback presentation compiler.[0m
2026.05.11 13:12:39 INFO  no build target found for /home/notebook/Documentos/gdsi/GestorAlquileres/backend/src/main/java/com/gestion/tpbackend/service/ContratoService.java. Using fallback presentation compiler.[0m
2026.05.11 13:12:40 INFO  no build target found for /home/notebook/Documentos/gdsi/GestorAlquileres/backend/src/main/java/com/gestion/tpbackend/service/ContratoService.java. Using fallback presentation compiler.[0m
2026.05.11 13:12:40 INFO  no build target found for /home/notebook/Documentos/gdsi/GestorAlquileres/backend/src/main/java/com/gestion/tpbackend/service/ContratoService.java. Using fallback presentation compiler.[0m
2026.05.11 13:12:40 INFO  no build target found for /home/notebook/Documentos/gdsi/GestorAlquileres/backend/src/main/java/com/gestion/tpbackend/service/ContratoService.java. Using fallback presentation compiler.[0m
2026.05.11 13:12:40 INFO  no build target found for /home/notebook/Documentos/gdsi/GestorAlquileres/backend/src/main/java/com/gestion/tpbackend/service/ContratoService.java. Using fallback presentation compiler.[0m
2026.05.11 13:12:40 INFO  no build target found for /home/notebook/Documentos/gdsi/GestorAlquileres/backend/src/main/java/com/gestion/tpbackend/service/ContratoService.java. Using fallback presentation compiler.[0m
2026.05.11 13:12:40 INFO  no build target found for /home/notebook/Documentos/gdsi/GestorAlquileres/backend/src/main/java/com/gestion/tpbackend/service/ContratoService.java. Using fallback presentation compiler.[0m
2026.05.11 13:12:41 INFO  no build target found for /home/notebook/Documentos/gdsi/GestorAlquileres/backend/src/main/java/com/gestion/tpbackend/service/ContratoService.java. Using fallback presentation compiler.[0m
2026.05.11 13:18:23 INFO  no build target found for /home/notebook/Documentos/gdsi/GestorAlquileres/backend/src/main/java/com/gestion/tpbackend/controller/DeudaController.java. Using fallback presentation compiler.[0m
2026.05.11 13:18:23 INFO  no build target found for /home/notebook/Documentos/gdsi/GestorAlquileres/backend/src/main/java/com/gestion/tpbackend/controller/DeudaController.java. Using fallback presentation compiler.[0m
2026.05.11 13:18:25 INFO  no build target found for /home/notebook/Documentos/gdsi/GestorAlquileres/backend/src/main/java/com/gestion/tpbackend/controller/DeudaController.java. Using fallback presentation compiler.[0m
2026.05.11 13:18:25 INFO  no build target found for /home/notebook/Documentos/gdsi/GestorAlquileres/backend/src/main/java/com/gestion/tpbackend/controller/DeudaController.java. Using fallback presentation compiler.[0m
2026.05.11 13:18:25 INFO  no build target found for /home/notebook/Documentos/gdsi/GestorAlquileres/backend/src/main/java/com/gestion/tpbackend/controller/DeudaController.java. Using fallback presentation compiler.[0m
2026.05.11 13:18:26 WARN  no build target for: /home/notebook/Documentos/gdsi/GestorAlquileres/backend/src/main/java/com/gestion/tpbackend/controller/DeudaController.java[0m
2026.05.11 13:18:28 INFO  no build target found for /home/notebook/Documentos/gdsi/GestorAlquileres/backend/src/main/java/com/gestion/tpbackend/controller/DeudaController.java. Using fallback presentation compiler.[0m
2026.05.11 13:18:28 INFO  no build target found for /home/notebook/Documentos/gdsi/GestorAlquileres/backend/src/main/java/com/gestion/tpbackend/controller/DeudaController.java. Using fallback presentation compiler.[0m
2026.05.11 13:18:28 INFO  no build target found for /home/notebook/Documentos/gdsi/GestorAlquileres/backend/src/main/java/com/gestion/tpbackend/controller/DeudaController.java. Using fallback presentation compiler.[0m
2026.05.11 13:18:28 INFO  no build target found for /home/notebook/Documentos/gdsi/GestorAlquileres/backend/src/main/java/com/gestion/tpbackend/controller/DeudaController.java. Using fallback presentation compiler.[0m
2026.05.11 13:18:28 INFO  no build target found for /home/notebook/Documentos/gdsi/GestorAlquileres/backend/src/main/java/com/gestion/tpbackend/controller/DeudaController.java. Using fallback presentation compiler.[0m
2026.05.11 13:18:29 WARN  no build target for: /home/notebook/Documentos/gdsi/GestorAlquileres/backend/src/main/java/com/gestion/tpbackend/controller/DeudaController.java[0m
2026.05.11 13:18:31 INFO  no build target found for /home/notebook/Documentos/gdsi/GestorAlquileres/backend/src/main/java/com/gestion/tpbackend/controller/DeudaController.java. Using fallback presentation compiler.[0m
2026.05.11 13:18:31 INFO  no build target found for /home/notebook/Documentos/gdsi/GestorAlquileres/backend/src/main/java/com/gestion/tpbackend/controller/DeudaController.java. Using fallback presentation compiler.[0m
2026.05.11 13:18:31 INFO  no build target found for /home/notebook/Documentos/gdsi/GestorAlquileres/backend/src/main/java/com/gestion/tpbackend/controller/DeudaController.java. Using fallback presentation compiler.[0m
2026.05.11 13:18:32 INFO  no build target found for /home/notebook/Documentos/gdsi/GestorAlquileres/backend/src/main/java/com/gestion/tpbackend/controller/DeudaController.java. Using fallback presentation compiler.[0m
2026.05.11 13:18:32 INFO  no build target found for /home/notebook/Documentos/gdsi/GestorAlquileres/backend/src/main/java/com/gestion/tpbackend/controller/DeudaController.java. Using fallback presentation compiler.[0m
2026.05.11 13:18:35 INFO  no build target found for /home/notebook/Documentos/gdsi/GestorAlquileres/backend/src/main/java/com/gestion/tpbackend/service/DeudaService.java. Using fallback presentation compiler.[0m
2026.05.11 13:18:35 INFO  no build target found for /home/notebook/Documentos/gdsi/GestorAlquileres/backend/src/main/java/com/gestion/tpbackend/service/DeudaService.java. Using fallback presentation compiler.[0m
2026.05.11 13:18:35 INFO  no build target found for /home/notebook/Documentos/gdsi/GestorAlquileres/backend/src/main/java/com/gestion/tpbackend/service/DeudaService.java. Using fallback presentation compiler.[0m
2026.05.11 13:18:36 INFO  no build target found for /home/notebook/Documentos/gdsi/GestorAlquileres/backend/src/main/java/com/gestion/tpbackend/service/DeudaService.java. Using fallback presentation compiler.[0m
2026.05.11 13:18:36 INFO  no build target found for /home/notebook/Documentos/gdsi/GestorAlquileres/backend/src/main/java/com/gestion/tpbackend/service/DeudaService.java. Using fallback presentation compiler.[0m
2026.05.11 13:18:36 INFO  no build target found for /home/notebook/Documentos/gdsi/GestorAlquileres/backend/src/main/java/com/gestion/tpbackend/service/DeudaService.java. Using fallback presentation compiler.[0m
2026.05.11 13:18:36 INFO  no build target found for /home/notebook/Documentos/gdsi/GestorAlquileres/backend/src/main/java/com/gestion/tpbackend/service/DeudaService.java. Using fallback presentation compiler.[0m
2026.05.11 13:18:36 INFO  no build target found for /home/notebook/Documentos/gdsi/GestorAlquileres/backend/src/main/java/com/gestion/tpbackend/service/DeudaService.java. Using fallback presentation compiler.[0m
2026.05.11 13:19:51 INFO  no build target found for /home/notebook/Documentos/gdsi/GestorAlquileres/backend/src/main/java/com/gestion/tpbackend/service/DeudaService.java. Using fallback presentation compiler.[0m
2026.05.11 13:19:53 INFO  no build target found for /home/notebook/Documentos/gdsi/GestorAlquileres/backend/src/main/java/com/gestion/tpbackend/service/DeudaService.java. Using fallback presentation compiler.[0m
2026.05.11 13:19:53 INFO  no build target found for /home/notebook/Documentos/gdsi/GestorAlquileres/backend/src/main/java/com/gestion/tpbackend/service/DeudaService.java. Using fallback presentation compiler.[0m
2026.05.11 13:19:53 INFO  no build target found for /home/notebook/Documentos/gdsi/GestorAlquileres/backend/src/main/java/com/gestion/tpbackend/service/DeudaService.java. Using fallback presentation compiler.[0m
2026.05.11 13:19:53 INFO  no build target found for /home/notebook/Documentos/gdsi/GestorAlquileres/backend/src/main/java/com/gestion/tpbackend/service/DeudaService.java. Using fallback presentation compiler.[0m
2026.05.11 13:19:53 INFO  no build target found for /home/notebook/Documentos/gdsi/GestorAlquileres/backend/src/main/java/com/gestion/tpbackend/service/DeudaService.java. Using fallback presentation compiler.[0m
2026.05.11 13:19:54 WARN  no build target for: /home/notebook/Documentos/gdsi/GestorAlquileres/backend/src/main/java/com/gestion/tpbackend/service/DeudaService.java[0m
2026.05.11 13:54:09 INFO  Shutting down server[0m
2026.05.11 13:54:09 INFO  Memory monitor stopped[0m
2026.05.11 13:54:09 INFO  shutting down Metals[0m
2026.05.11 13:54:09 INFO  Exiting server[0m
2026.05.11 13:54:09 ERROR Unexpected error initializing server: 
org.eclipse.lsp4j.jsonrpc.ResponseErrorException: Request window/showMessageRequest failed with message: Canceled
	at org.eclipse.lsp4j.jsonrpc.RemoteEndpoint.handleResponse(RemoteEndpoint.java:214)
	at org.eclipse.lsp4j.jsonrpc.RemoteEndpoint.consume(RemoteEndpoint.java:198)
	at org.eclipse.lsp4j.jsonrpc.json.StreamMessageProducer.handleMessage(StreamMessageProducer.java:189)
	at org.eclipse.lsp4j.jsonrpc.json.StreamMessageProducer.listen(StreamMessageProducer.java:97)
	at org.eclipse.lsp4j.jsonrpc.json.ConcurrentMessageProcessor.run(ConcurrentMessageProcessor.java:97)
	at java.util.concurrent.Executors$RunnableAdapter.call(Executors.java:572)
	at java.util.concurrent.FutureTask.run(FutureTask.java:317)
	at java.util.concurrent.ThreadPoolExecutor.runWorker(ThreadPoolExecutor.java:1144)
	at java.util.concurrent.ThreadPoolExecutor$Worker.run(ThreadPoolExecutor.java:642)
	at java.lang.Thread.run(Thread.java:1583)
[0m
2026.05.11 15:18:50 INFO  Started: Metals version 1.6.7 in folders '/home/notebook/Documentos/gdsi/GestorAlquileres' for client Visual Studio Code 1.119.0.[0m
2026.05.11 15:18:50 INFO  Memory monitor started[0m
2026.05.11 15:18:50 WARN  Using H2 2.4.240 which is newer than the version Flyway has been verified with. The latest verified version of H2 is 2.3.232.[0m
2026.05.11 15:18:51 INFO  no build target found for /home/notebook/Documentos/gdsi/GestorAlquileres/backend/src/main/java/com/gestion/tpbackend/service/UsuarioService.java. Using fallback presentation compiler.[0m
2026.05.11 15:19:00 INFO  no build target found for /home/notebook/Documentos/gdsi/GestorAlquileres/backend/src/main/java/com/gestion/tpbackend/service/UsuarioService.java. Using fallback presentation compiler.[0m
2026.05.11 15:19:01 INFO  no build target found for /home/notebook/Documentos/gdsi/GestorAlquileres/backend/src/main/java/com/gestion/tpbackend/service/UsuarioService.java. Using fallback presentation compiler.[0m
2026.05.11 15:19:01 INFO  no build target found for /home/notebook/Documentos/gdsi/GestorAlquileres/backend/src/main/java/com/gestion/tpbackend/service/UsuarioService.java. Using fallback presentation compiler.[0m
2026.05.11 15:19:01 INFO  no build target found for /home/notebook/Documentos/gdsi/GestorAlquileres/backend/src/main/java/com/gestion/tpbackend/service/UsuarioService.java. Using fallback presentation compiler.[0m
2026.05.11 15:19:03 WARN  no build target for: /home/notebook/Documentos/gdsi/GestorAlquileres/backend/src/main/java/com/gestion/tpbackend/service/UsuarioService.java[0m
2026.05.11 15:19:03 INFO  no build target found for /home/notebook/Documentos/gdsi/GestorAlquileres/backend/src/main/java/com/gestion/tpbackend/service/UsuarioService.java. Using fallback presentation compiler.[0m
2026.05.11 15:19:03 INFO  no build target found for /home/notebook/Documentos/gdsi/GestorAlquileres/backend/src/main/java/com/gestion/tpbackend/service/UsuarioService.java. Using fallback presentation compiler.[0m
2026.05.11 15:19:04 WARN  no build target for: /home/notebook/Documentos/gdsi/GestorAlquileres/backend/src/main/java/com/gestion/tpbackend/service/UsuarioService.java[0m
2026.05.11 15:19:05 INFO  no build target found for /home/notebook/Documentos/gdsi/GestorAlquileres/backend/src/main/java/com/gestion/tpbackend/service/UsuarioService.java. Using fallback presentation compiler.[0m
2026.05.11 15:19:07 INFO  no build target found for /home/notebook/Documentos/gdsi/GestorAlquileres/backend/src/main/java/com/gestion/tpbackend/service/UsuarioService.java. Using fallback presentation compiler.[0m
2026.05.11 15:19:07 INFO  no build target found for /home/notebook/Documentos/gdsi/GestorAlquileres/backend/src/main/java/com/gestion/tpbackend/service/UsuarioService.java. Using fallback presentation compiler.[0m
2026.05.11 15:19:07 INFO  no build target found for /home/notebook/Documentos/gdsi/GestorAlquileres/backend/src/main/java/com/gestion/tpbackend/service/UsuarioService.java. Using fallback presentation compiler.[0m
2026.05.11 15:19:08 INFO  no build target found for /home/notebook/Documentos/gdsi/GestorAlquileres/backend/src/main/java/com/gestion/tpbackend/service/UsuarioService.java. Using fallback presentation compiler.[0m
2026.05.11 15:19:08 WARN  no build target for: /home/notebook/Documentos/gdsi/GestorAlquileres/backend/src/main/java/com/gestion/tpbackend/service/UsuarioService.java[0m
2026.05.11 15:22:42 INFO  no build target found for /home/notebook/Documentos/gdsi/GestorAlquileres/backend/src/main/java/com/gestion/tpbackend/service/UsuarioService.java. Using fallback presentation compiler.[0m
2026.05.11 15:22:42 INFO  no build target found for /home/notebook/Documentos/gdsi/GestorAlquileres/backend/src/main/java/com/gestion/tpbackend/service/UsuarioService.java. Using fallback presentation compiler.[0m
2026.05.11 15:22:42 INFO  no build target found for /home/notebook/Documentos/gdsi/GestorAlquileres/backend/src/main/java/com/gestion/tpbackend/service/UsuarioService.java. Using fallback presentation compiler.[0m
2026.05.11 15:22:42 INFO  no build target found for /home/notebook/Documentos/gdsi/GestorAlquileres/backend/src/main/java/com/gestion/tpbackend/service/UsuarioService.java. Using fallback presentation compiler.[0m
2026.05.11 15:22:42 INFO  no build target found for /home/notebook/Documentos/gdsi/GestorAlquileres/backend/src/main/java/com/gestion/tpbackend/service/UsuarioService.java. Using fallback presentation compiler.[0m
2026.05.11 15:23:03 INFO  no build target found for /home/notebook/Documentos/gdsi/GestorAlquileres/backend/src/main/java/com/gestion/tpbackend/controller/UsuarioController.java. Using fallback presentation compiler.[0m
2026.05.11 15:23:03 INFO  no build target found for /home/notebook/Documentos/gdsi/GestorAlquileres/backend/src/main/java/com/gestion/tpbackend/controller/UsuarioController.java. Using fallback presentation compiler.[0m
2026.05.11 15:23:03 INFO  no build target found for /home/notebook/Documentos/gdsi/GestorAlquileres/backend/src/main/java/com/gestion/tpbackend/controller/UsuarioController.java. Using fallback presentation compiler.[0m
2026.05.11 15:23:03 INFO  no build target found for /home/notebook/Documentos/gdsi/GestorAlquileres/backend/src/main/java/com/gestion/tpbackend/controller/UsuarioController.java. Using fallback presentation compiler.[0m
2026.05.11 15:23:04 INFO  no build target found for /home/notebook/Documentos/gdsi/GestorAlquileres/backend/src/main/java/com/gestion/tpbackend/controller/UsuarioController.java. Using fallback presentation compiler.[0m
2026.05.11 15:23:04 INFO  no build target found for /home/notebook/Documentos/gdsi/GestorAlquileres/backend/src/main/java/com/gestion/tpbackend/controller/UsuarioController.java. Using fallback presentation compiler.[0m
2026.05.11 15:23:04 INFO  no build target found for /home/notebook/Documentos/gdsi/GestorAlquileres/backend/src/main/java/com/gestion/tpbackend/controller/UsuarioController.java. Using fallback presentation compiler.[0m
2026.05.11 15:23:04 INFO  no build target found for /home/notebook/Documentos/gdsi/GestorAlquileres/backend/src/main/java/com/gestion/tpbackend/controller/UsuarioController.java. Using fallback presentation compiler.[0m
2026.05.11 15:23:04 INFO  no build target found for /home/notebook/Documentos/gdsi/GestorAlquileres/backend/src/main/java/com/gestion/tpbackend/controller/UsuarioController.java. Using fallback presentation compiler.[0m
2026.05.11 15:23:12 INFO  no build target found for /home/notebook/Documentos/gdsi/GestorAlquileres/backend/src/main/java/com/gestion/tpbackend/controller/UsuarioController.java. Using fallback presentation compiler.[0m
2026.05.11 15:23:13 INFO  no build target found for /home/notebook/Documentos/gdsi/GestorAlquileres/backend/src/main/java/com/gestion/tpbackend/controller/UsuarioController.java. Using fallback presentation compiler.[0m
2026.05.11 15:23:13 INFO  no build target found for /home/notebook/Documentos/gdsi/GestorAlquileres/backend/src/main/java/com/gestion/tpbackend/controller/UsuarioController.java. Using fallback presentation compiler.[0m
2026.05.11 15:23:39 INFO  no build target found for /home/notebook/Documentos/gdsi/GestorAlquileres/backend/src/main/java/com/gestion/tpbackend/controller/UsuarioController.java. Using fallback presentation compiler.[0m
2026.05.11 15:23:39 INFO  no build target found for /home/notebook/Documentos/gdsi/GestorAlquileres/backend/src/main/java/com/gestion/tpbackend/controller/UsuarioController.java. Using fallback presentation compiler.[0m
2026.05.11 15:23:39 INFO  no build target found for /home/notebook/Documentos/gdsi/GestorAlquileres/backend/src/main/java/com/gestion/tpbackend/controller/UsuarioController.java. Using fallback presentation compiler.[0m
2026.05.11 15:23:39 INFO  no build target found for /home/notebook/Documentos/gdsi/GestorAlquileres/backend/src/main/java/com/gestion/tpbackend/controller/UsuarioController.java. Using fallback presentation compiler.[0m
2026.05.11 15:23:39 INFO  no build target found for /home/notebook/Documentos/gdsi/GestorAlquileres/backend/src/main/java/com/gestion/tpbackend/controller/UsuarioController.java. Using fallback presentation compiler.[0m
2026.05.11 15:23:40 INFO  no build target found for /home/notebook/Documentos/gdsi/GestorAlquileres/backend/src/main/java/com/gestion/tpbackend/controller/UsuarioController.java. Using fallback presentation compiler.[0m
2026.05.11 15:23:41 WARN  no build target for: /home/notebook/Documentos/gdsi/GestorAlquileres/backend/src/main/java/com/gestion/tpbackend/controller/UsuarioController.java[0m
2026.05.11 15:23:43 INFO  no build target found for /home/notebook/Documentos/gdsi/GestorAlquileres/backend/src/main/java/com/gestion/tpbackend/controller/UsuarioController.java. Using fallback presentation compiler.[0m
2026.05.11 15:23:43 INFO  no build target found for /home/notebook/Documentos/gdsi/GestorAlquileres/backend/src/main/java/com/gestion/tpbackend/controller/UsuarioController.java. Using fallback presentation compiler.[0m
2026.05.11 15:23:43 INFO  no build target found for /home/notebook/Documentos/gdsi/GestorAlquileres/backend/src/main/java/com/gestion/tpbackend/controller/UsuarioController.java. Using fallback presentation compiler.[0m
2026.05.11 15:23:52 INFO  no build target found for /home/notebook/Documentos/gdsi/GestorAlquileres/backend/src/main/java/com/gestion/tpbackend/controller/UsuarioController.java. Using fallback presentation compiler.[0m
2026.05.11 15:23:55 INFO  no build target found for /home/notebook/Documentos/gdsi/GestorAlquileres/backend/src/main/java/com/gestion/tpbackend/controller/UsuarioController.java. Using fallback presentation compiler.[0m
2026.05.11 15:23:55 INFO  no build target found for /home/notebook/Documentos/gdsi/GestorAlquileres/backend/src/main/java/com/gestion/tpbackend/controller/UsuarioController.java. Using fallback presentation compiler.[0m
2026.05.11 15:23:57 INFO  no build target found for /home/notebook/Documentos/gdsi/GestorAlquileres/backend/src/main/java/com/gestion/tpbackend/controller/UsuarioController.java. Using fallback presentation compiler.[0m
2026.05.11 15:23:57 INFO  no build target found for /home/notebook/Documentos/gdsi/GestorAlquileres/backend/src/main/java/com/gestion/tpbackend/controller/UsuarioController.java. Using fallback presentation compiler.[0m
2026.05.11 15:23:57 INFO  no build target found for /home/notebook/Documentos/gdsi/GestorAlquileres/backend/src/main/java/com/gestion/tpbackend/controller/UsuarioController.java. Using fallback presentation compiler.[0m
2026.05.11 15:23:58 INFO  no build target found for /home/notebook/Documentos/gdsi/GestorAlquileres/backend/src/main/java/com/gestion/tpbackend/controller/UsuarioController.java. Using fallback presentation compiler.[0m
2026.05.11 15:23:58 INFO  no build target found for /home/notebook/Documentos/gdsi/GestorAlquileres/backend/src/main/java/com/gestion/tpbackend/controller/UsuarioController.java. Using fallback presentation compiler.[0m
2026.05.11 15:23:58 INFO  no build target found for /home/notebook/Documentos/gdsi/GestorAlquileres/backend/src/main/java/com/gestion/tpbackend/controller/UsuarioController.java. Using fallback presentation compiler.[0m
2026.05.11 15:23:59 WARN  no build target for: /home/notebook/Documentos/gdsi/GestorAlquileres/backend/src/main/java/com/gestion/tpbackend/controller/UsuarioController.java[0m
2026.05.11 15:23:59 INFO  no build target found for /home/notebook/Documentos/gdsi/GestorAlquileres/backend/src/main/java/com/gestion/tpbackend/controller/UsuarioController.java. Using fallback presentation compiler.[0m
2026.05.11 15:24:00 INFO  no build target found for /home/notebook/Documentos/gdsi/GestorAlquileres/backend/src/main/java/com/gestion/tpbackend/controller/UsuarioController.java. Using fallback presentation compiler.[0m
2026.05.11 15:24:00 INFO  no build target found for /home/notebook/Documentos/gdsi/GestorAlquileres/backend/src/main/java/com/gestion/tpbackend/controller/UsuarioController.java. Using fallback presentation compiler.[0m
2026.05.11 15:24:00 INFO  no build target found for /home/notebook/Documentos/gdsi/GestorAlquileres/backend/src/main/java/com/gestion/tpbackend/controller/UsuarioController.java. Using fallback presentation compiler.[0m
2026.05.11 15:24:00 INFO  no build target found for /home/notebook/Documentos/gdsi/GestorAlquileres/backend/src/main/java/com/gestion/tpbackend/controller/UsuarioController.java. Using fallback presentation compiler.[0m
2026.05.11 15:24:00 INFO  no build target found for /home/notebook/Documentos/gdsi/GestorAlquileres/backend/src/main/java/com/gestion/tpbackend/controller/UsuarioController.java. Using fallback presentation compiler.[0m
2026.05.11 15:24:00 INFO  no build target found for /home/notebook/Documentos/gdsi/GestorAlquileres/backend/src/main/java/com/gestion/tpbackend/controller/UsuarioController.java. Using fallback presentation compiler.[0m
2026.05.11 15:24:02 INFO  no build target found for /home/notebook/Documentos/gdsi/GestorAlquileres/backend/src/main/java/com/gestion/tpbackend/controller/UsuarioController.java. Using fallback presentation compiler.[0m
2026.05.11 15:24:02 WARN  no build target for: /home/notebook/Documentos/gdsi/GestorAlquileres/backend/src/main/java/com/gestion/tpbackend/controller/UsuarioController.java[0m
2026.05.11 15:24:06 INFO  no build target found for /home/notebook/Documentos/gdsi/GestorAlquileres/backend/src/main/java/com/gestion/tpbackend/controller/UsuarioController.java. Using fallback presentation compiler.[0m
2026.05.11 16:03:18 INFO  no build target found for /home/notebook/Documentos/gdsi/GestorAlquileres/backend/src/main/java/com/gestion/tpbackend/controller/UsuarioController.java. Using fallback presentation compiler.[0m
2026.05.11 16:03:18 WARN  no build target for: /home/notebook/Documentos/gdsi/GestorAlquileres/backend/src/main/java/com/gestion/tpbackend/controller/UsuarioController.java[0m
2026.05.11 16:03:18 INFO  no build target found for /home/notebook/Documentos/gdsi/GestorAlquileres/backend/src/main/java/com/gestion/tpbackend/controller/UsuarioController.java. Using fallback presentation compiler.[0m
2026.05.11 16:03:18 INFO  no build target found for /home/notebook/Documentos/gdsi/GestorAlquileres/backend/src/main/java/com/gestion/tpbackend/controller/UsuarioController.java. Using fallback presentation compiler.[0m
2026.05.11 16:03:19 INFO  no build target found for /home/notebook/Documentos/gdsi/GestorAlquileres/backend/src/main/java/com/gestion/tpbackend/controller/UsuarioController.java. Using fallback presentation compiler.[0m
2026.05.11 16:03:19 INFO  no build target found for /home/notebook/Documentos/gdsi/GestorAlquileres/backend/src/main/java/com/gestion/tpbackend/controller/UsuarioController.java. Using fallback presentation compiler.[0m
2026.05.11 16:03:19 INFO  no build target found for /home/notebook/Documentos/gdsi/GestorAlquileres/backend/src/main/java/com/gestion/tpbackend/controller/UsuarioController.java. Using fallback presentation compiler.[0m
2026.05.11 16:03:19 INFO  no build target found for /home/notebook/Documentos/gdsi/GestorAlquileres/backend/src/main/java/com/gestion/tpbackend/controller/UsuarioController.java. Using fallback presentation compiler.[0m
2026.05.11 16:03:27 INFO  no build target found for /home/notebook/Documentos/gdsi/GestorAlquileres/backend/src/main/java/com/gestion/tpbackend/controller/UsuarioController.java. Using fallback presentation compiler.[0m
2026.05.11 16:03:27 INFO  no build target found for /home/notebook/Documentos/gdsi/GestorAlquileres/backend/src/main/java/com/gestion/tpbackend/controller/UsuarioController.java. Using fallback presentation compiler.[0m
2026.05.11 16:03:27 INFO  Created report: Optional[file:///home/notebook/Documentos/gdsi/GestorAlquileres/backend/src/main/java/com/gestion/tpbackend/controller/UsuarioController.java][0m
2026.05.11 16:03:27 INFO  empty definition using pc, found symbol in pc: _empty_/UsuarioService#verificarYActualizarEstado# (full report at: "/home/notebook/Documentos/gdsi/GestorAlquileres/.metals/.reports/metals-full/2026-05-11/r_empty-definition_16-03-27-192.md")[0m
2026.05.11 16:03:28 INFO  no build target found for /home/notebook/Documentos/gdsi/GestorAlquileres/backend/src/main/java/com/gestion/tpbackend/controller/UsuarioController.java. Using fallback presentation compiler.[0m
2026.05.11 16:03:28 INFO  no build target found for /home/notebook/Documentos/gdsi/GestorAlquileres/backend/src/main/java/com/gestion/tpbackend/controller/UsuarioController.java. Using fallback presentation compiler.[0m
2026.05.11 16:03:28 INFO  empty definition using pc, found symbol in pc: _empty_/UsuarioService#verificarYActualizarEstado# (full report at: "/home/notebook/Documentos/gdsi/GestorAlquileres/.metals/.reports/metals-full/2026-05-11/r_empty-definition_16-03-27-192.md")[0m
2026.05.11 16:03:28 INFO  no build target found for /home/notebook/Documentos/gdsi/GestorAlquileres/backend/src/main/java/com/gestion/tpbackend/controller/UsuarioController.java. Using fallback presentation compiler.[0m
2026.05.11 16:03:29 INFO  no build target found for /home/notebook/Documentos/gdsi/GestorAlquileres/backend/src/main/java/com/gestion/tpbackend/controller/UsuarioController.java. Using fallback presentation compiler.[0m
2026.05.11 16:03:29 INFO  empty definition using pc, found symbol in pc: _empty_/UsuarioService#verificarYActualizarEstado# (full report at: "/home/notebook/Documentos/gdsi/GestorAlquileres/.metals/.reports/metals-full/2026-05-11/r_empty-definition_16-03-27-192.md")[0m
2026.05.11 16:03:30 INFO  no build target found for /home/notebook/Documentos/gdsi/GestorAlquileres/backend/src/main/java/com/gestion/tpbackend/controller/UsuarioController.java. Using fallback presentation compiler.[0m
2026.05.11 16:03:30 INFO  empty definition using pc, found symbol in pc: _empty_/UsuarioService#verificarYActualizarEstado# (full report at: "/home/notebook/Documentos/gdsi/GestorAlquileres/.metals/.reports/metals-full/2026-05-11/r_empty-definition_16-03-27-192.md")[0m
2026.05.11 16:03:30 INFO  no build target found for /home/notebook/Documentos/gdsi/GestorAlquileres/backend/src/main/java/com/gestion/tpbackend/controller/UsuarioController.java. Using fallback presentation compiler.[0m
2026.05.11 16:03:30 INFO  no build target found for /home/notebook/Documentos/gdsi/GestorAlquileres/backend/src/main/java/com/gestion/tpbackend/controller/UsuarioController.java. Using fallback presentation compiler.[0m
2026.05.11 16:03:30 INFO  empty definition using pc, found symbol in pc: _empty_/UsuarioService#verificarYActualizarEstado# (full report at: "/home/notebook/Documentos/gdsi/GestorAlquileres/.metals/.reports/metals-full/2026-05-11/r_empty-definition_16-03-27-192.md")[0m
2026.05.11 16:03:30 INFO  no build target found for /home/notebook/Documentos/gdsi/GestorAlquileres/backend/src/main/java/com/gestion/tpbackend/controller/UsuarioController.java. Using fallback presentation compiler.[0m
2026.05.11 16:03:30 INFO  no build target found for /home/notebook/Documentos/gdsi/GestorAlquileres/backend/src/main/java/com/gestion/tpbackend/controller/UsuarioController.java. Using fallback presentation compiler.[0m
2026.05.11 16:03:30 INFO  empty definition using pc, found symbol in pc: _empty_/UsuarioService#verificarYActualizarEstado# (full report at: "/home/notebook/Documentos/gdsi/GestorAlquileres/.metals/.reports/metals-full/2026-05-11/r_empty-definition_16-03-27-192.md")[0m
2026.05.11 16:03:31 INFO  no build target found for /home/notebook/Documentos/gdsi/GestorAlquileres/backend/src/main/java/com/gestion/tpbackend/controller/UsuarioController.java. Using fallback presentation compiler.[0m
2026.05.11 16:03:31 INFO  no build target found for /home/notebook/Documentos/gdsi/GestorAlquileres/backend/src/main/java/com/gestion/tpbackend/controller/UsuarioController.java. Using fallback presentation compiler.[0m
2026.05.11 16:03:32 INFO  no build target found for /home/notebook/Documentos/gdsi/GestorAlquileres/backend/src/main/java/com/gestion/tpbackend/controller/UsuarioController.java. Using fallback presentation compiler.[0m
2026.05.11 16:03:32 INFO  empty definition using pc, found symbol in pc: _empty_/UsuarioService#verificarYActualizarEstado# (full report at: "/home/notebook/Documentos/gdsi/GestorAlquileres/.metals/.reports/metals-full/2026-05-11/r_empty-definition_16-03-27-192.md")[0m
2026.05.11 16:03:31 INFO  no build target found for /home/notebook/Documentos/gdsi/GestorAlquileres/backend/src/main/java/com/gestion/tpbackend/controller/UsuarioController.java. Using fallback presentation compiler.[0m
2026.05.11 16:03:31 INFO  no build target found for /home/notebook/Documentos/gdsi/GestorAlquileres/backend/src/main/java/com/gestion/tpbackend/controller/UsuarioController.java. Using fallback presentation compiler.[0m
2026.05.11 16:03:32 INFO  no build target found for /home/notebook/Documentos/gdsi/GestorAlquileres/backend/src/main/java/com/gestion/tpbackend/controller/UsuarioController.java. Using fallback presentation compiler.[0m
2026.05.11 16:03:32 INFO  no build target found for /home/notebook/Documentos/gdsi/GestorAlquileres/backend/src/main/java/com/gestion/tpbackend/controller/UsuarioController.java. Using fallback presentation compiler.[0m
2026.05.11 16:03:32 INFO  empty definition using pc, found symbol in pc: _empty_/UsuarioService#verificarYActualizarEstado# (full report at: "/home/notebook/Documentos/gdsi/GestorAlquileres/.metals/.reports/metals-full/2026-05-11/r_empty-definition_16-03-27-192.md")[0m
2026.05.11 16:03:34 INFO  no build target found for /home/notebook/Documentos/gdsi/GestorAlquileres/backend/src/main/java/com/gestion/tpbackend/controller/UsuarioController.java. Using fallback presentation compiler.[0m
2026.05.11 16:03:34 INFO  no build target found for /home/notebook/Documentos/gdsi/GestorAlquileres/backend/src/main/java/com/gestion/tpbackend/controller/UsuarioController.java. Using fallback presentation compiler.[0m
2026.05.11 16:03:34 INFO  no build target found for /home/notebook/Documentos/gdsi/GestorAlquileres/backend/src/main/java/com/gestion/tpbackend/controller/UsuarioController.java. Using fallback presentation compiler.[0m
2026.05.11 16:03:35 INFO  no build target found for /home/notebook/Documentos/gdsi/GestorAlquileres/backend/src/main/java/com/gestion/tpbackend/controller/UsuarioController.java. Using fallback presentation compiler.[0m
2026.05.11 16:03:35 INFO  no build target found for /home/notebook/Documentos/gdsi/GestorAlquileres/backend/src/main/java/com/gestion/tpbackend/controller/UsuarioController.java. Using fallback presentation compiler.[0m
2026.05.11 16:03:40 INFO  no build target found for /home/notebook/Documentos/gdsi/GestorAlquileres/backend/src/main/java/com/gestion/tpbackend/service/UsuarioService.java. Using fallback presentation compiler.[0m
2026.05.11 16:03:40 WARN  no build target for: /home/notebook/Documentos/gdsi/GestorAlquileres/backend/src/main/java/com/gestion/tpbackend/service/UsuarioService.java[0m
2026.05.11 16:03:40 INFO  no build target found for /home/notebook/Documentos/gdsi/GestorAlquileres/backend/src/main/java/com/gestion/tpbackend/service/UsuarioService.java. Using fallback presentation compiler.[0m
2026.05.11 16:03:40 INFO  no build target found for /home/notebook/Documentos/gdsi/GestorAlquileres/backend/src/main/java/com/gestion/tpbackend/service/UsuarioService.java. Using fallback presentation compiler.[0m
2026.05.11 16:03:40 INFO  no build target found for /home/notebook/Documentos/gdsi/GestorAlquileres/backend/src/main/java/com/gestion/tpbackend/service/UsuarioService.java. Using fallback presentation compiler.[0m
2026.05.11 16:03:40 INFO  no build target found for /home/notebook/Documentos/gdsi/GestorAlquileres/backend/src/main/java/com/gestion/tpbackend/service/UsuarioService.java. Using fallback presentation compiler.[0m
2026.05.11 16:03:42 INFO  no build target found for /home/notebook/Documentos/gdsi/GestorAlquileres/backend/src/main/java/com/gestion/tpbackend/service/UsuarioService.java. Using fallback presentation compiler.[0m
2026.05.11 16:03:42 INFO  no build target found for /home/notebook/Documentos/gdsi/GestorAlquileres/backend/src/main/java/com/gestion/tpbackend/service/UsuarioService.java. Using fallback presentation compiler.[0m
2026.05.11 16:03:42 INFO  no build target found for /home/notebook/Documentos/gdsi/GestorAlquileres/backend/src/main/java/com/gestion/tpbackend/service/UsuarioService.java. Using fallback presentation compiler.[0m
2026.05.11 16:03:42 INFO  Created report: Optional[file:///home/notebook/Documentos/gdsi/GestorAlquileres/backend/src/main/java/com/gestion/tpbackend/service/UsuarioService.java][0m
2026.05.11 16:03:42 INFO  empty definition using pc, found symbol in pc: java/lang/Long# (full report at: "/home/notebook/Documentos/gdsi/GestorAlquileres/.metals/.reports/metals-full/2026-05-11/r_empty-definition_16-03-42-659.md")[0m
2026.05.11 16:03:42 INFO  no build target found for /home/notebook/Documentos/gdsi/GestorAlquileres/backend/src/main/java/com/gestion/tpbackend/service/UsuarioService.java. Using fallback presentation compiler.[0m
2026.05.11 16:03:42 INFO  no build target found for /home/notebook/Documentos/gdsi/GestorAlquileres/backend/src/main/java/com/gestion/tpbackend/service/UsuarioService.java. Using fallback presentation compiler.[0m
2026.05.11 16:03:43 INFO  no build target found for /home/notebook/Documentos/gdsi/GestorAlquileres/backend/src/main/java/com/gestion/tpbackend/service/UsuarioService.java. Using fallback presentation compiler.[0m
2026.05.11 16:03:43 INFO  no build target found for /home/notebook/Documentos/gdsi/GestorAlquileres/backend/src/main/java/com/gestion/tpbackend/service/UsuarioService.java. Using fallback presentation compiler.[0m
2026.05.11 16:03:43 INFO  no build target found for /home/notebook/Documentos/gdsi/GestorAlquileres/backend/src/main/java/com/gestion/tpbackend/service/UsuarioService.java. Using fallback presentation compiler.[0m
2026.05.11 16:04:19 INFO  no build target found for /home/notebook/Documentos/gdsi/GestorAlquileres/backend/src/main/java/com/gestion/tpbackend/service/UsuarioService.java. Using fallback presentation compiler.[0m
2026.05.11 16:04:23 INFO  no build target found for /home/notebook/Documentos/gdsi/GestorAlquileres/backend/src/main/java/com/gestion/tpbackend/service/EdificioService.java. Using fallback presentation compiler.[0m
2026.05.11 16:04:23 INFO  no build target found for /home/notebook/Documentos/gdsi/GestorAlquileres/backend/src/main/java/com/gestion/tpbackend/service/EdificioService.java. Using fallback presentation compiler.[0m
2026.05.11 16:04:23 INFO  no build target found for /home/notebook/Documentos/gdsi/GestorAlquileres/backend/src/main/java/com/gestion/tpbackend/service/EdificioService.java. Using fallback presentation compiler.[0m
2026.05.11 16:04:25 INFO  no build target found for /home/notebook/Documentos/gdsi/GestorAlquileres/backend/src/main/java/com/gestion/tpbackend/service/EdificioService.java. Using fallback presentation compiler.[0m
2026.05.11 16:04:25 INFO  no build target found for /home/notebook/Documentos/gdsi/GestorAlquileres/backend/src/main/java/com/gestion/tpbackend/service/EdificioService.java. Using fallback presentation compiler.[0m
2026.05.11 16:04:25 INFO  no build target found for /home/notebook/Documentos/gdsi/GestorAlquileres/backend/src/main/java/com/gestion/tpbackend/service/EdificioService.java. Using fallback presentation compiler.[0m
2026.05.11 16:04:25 INFO  no build target found for /home/notebook/Documentos/gdsi/GestorAlquileres/backend/src/main/java/com/gestion/tpbackend/service/EdificioService.java. Using fallback presentation compiler.[0m
2026.05.11 16:04:47 INFO  no build target found for /home/notebook/Documentos/gdsi/GestorAlquileres/backend/src/main/java/com/gestion/tpbackend/service/EdificioService.java. Using fallback presentation compiler.[0m
2026.05.11 16:04:47 INFO  no build target found for /home/notebook/Documentos/gdsi/GestorAlquileres/backend/src/main/java/com/gestion/tpbackend/service/EdificioService.java. Using fallback presentation compiler.[0m
2026.05.11 16:04:47 INFO  no build target found for /home/notebook/Documentos/gdsi/GestorAlquileres/backend/src/main/java/com/gestion/tpbackend/service/EdificioService.java. Using fallback presentation compiler.[0m
2026.05.11 16:04:47 INFO  no build target found for /home/notebook/Documentos/gdsi/GestorAlquileres/backend/src/main/java/com/gestion/tpbackend/service/EdificioService.java. Using fallback presentation compiler.[0m
2026.05.11 16:04:48 INFO  no build target found for /home/notebook/Documentos/gdsi/GestorAlquileres/backend/src/main/java/com/gestion/tpbackend/service/EdificioService.java. Using fallback presentation compiler.[0m
2026.05.11 16:04:48 INFO  no build target found for /home/notebook/Documentos/gdsi/GestorAlquileres/backend/src/main/java/com/gestion/tpbackend/service/EdificioService.java. Using fallback presentation compiler.[0m
2026.05.11 16:04:48 INFO  no build target found for /home/notebook/Documentos/gdsi/GestorAlquileres/backend/src/main/java/com/gestion/tpbackend/service/EdificioService.java. Using fallback presentation compiler.[0m
2026.05.11 16:04:49 WARN  no build target for: /home/notebook/Documentos/gdsi/GestorAlquileres/backend/src/main/java/com/gestion/tpbackend/service/EdificioService.java[0m
2026.05.11 16:04:50 INFO  no build target found for /home/notebook/Documentos/gdsi/GestorAlquileres/backend/src/main/java/com/gestion/tpbackend/service/EdificioService.java. Using fallback presentation compiler.[0m
2026.05.11 16:05:52 INFO  no build target found for /home/notebook/Documentos/gdsi/GestorAlquileres/backend/src/main/java/com/gestion/tpbackend/controller/EdificioController.java. Using fallback presentation compiler.[0m
2026.05.11 16:05:55 INFO  no build target found for /home/notebook/Documentos/gdsi/GestorAlquileres/backend/src/main/java/com/gestion/tpbackend/controller/EdificioController.java. Using fallback presentation compiler.[0m
2026.05.11 16:05:55 INFO  no build target found for /home/notebook/Documentos/gdsi/GestorAlquileres/backend/src/main/java/com/gestion/tpbackend/controller/EdificioController.java. Using fallback presentation compiler.[0m
2026.05.11 16:05:55 INFO  no build target found for /home/notebook/Documentos/gdsi/GestorAlquileres/backend/src/main/java/com/gestion/tpbackend/controller/EdificioController.java. Using fallback presentation compiler.[0m
2026.05.11 16:05:55 INFO  no build target found for /home/notebook/Documentos/gdsi/GestorAlquileres/backend/src/main/java/com/gestion/tpbackend/controller/EdificioController.java. Using fallback presentation compiler.[0m
2026.05.11 16:05:55 INFO  no build target found for /home/notebook/Documentos/gdsi/GestorAlquileres/backend/src/main/java/com/gestion/tpbackend/controller/EdificioController.java. Using fallback presentation compiler.[0m
2026.05.11 16:06:07 INFO  no build target found for /home/notebook/Documentos/gdsi/GestorAlquileres/backend/src/main/java/com/gestion/tpbackend/entity/Edificio.java. Using fallback presentation compiler.[0m
2026.05.11 16:06:07 INFO  no build target found for /home/notebook/Documentos/gdsi/GestorAlquileres/backend/src/main/java/com/gestion/tpbackend/entity/Edificio.java. Using fallback presentation compiler.[0m
2026.05.11 16:06:07 INFO  no build target found for /home/notebook/Documentos/gdsi/GestorAlquileres/backend/src/main/java/com/gestion/tpbackend/entity/Edificio.java. Using fallback presentation compiler.[0m
2026.05.11 16:06:08 INFO  no build target found for /home/notebook/Documentos/gdsi/GestorAlquileres/backend/src/main/java/com/gestion/tpbackend/entity/Edificio.java. Using fallback presentation compiler.[0m
2026.05.11 16:06:30 INFO  no build target found for /home/notebook/Documentos/gdsi/GestorAlquileres/backend/src/main/java/com/gestion/tpbackend/entity/Edificio.java. Using fallback presentation compiler.[0m
2026.05.11 16:06:31 INFO  no build target found for /home/notebook/Documentos/gdsi/GestorAlquileres/backend/src/main/java/com/gestion/tpbackend/entity/Edificio.java. Using fallback presentation compiler.[0m
2026.05.11 16:06:31 INFO  no build target found for /home/notebook/Documentos/gdsi/GestorAlquileres/backend/src/main/java/com/gestion/tpbackend/entity/Edificio.java. Using fallback presentation compiler.[0m
2026.05.11 16:06:32 INFO  no build target found for /home/notebook/Documentos/gdsi/GestorAlquileres/backend/src/main/java/com/gestion/tpbackend/entity/Edificio.java. Using fallback presentation compiler.[0m
2026.05.11 16:06:32 INFO  no build target found for /home/notebook/Documentos/gdsi/GestorAlquileres/backend/src/main/java/com/gestion/tpbackend/entity/Edificio.java. Using fallback presentation compiler.[0m
2026.05.11 16:06:32 INFO  no build target found for /home/notebook/Documentos/gdsi/GestorAlquileres/backend/src/main/java/com/gestion/tpbackend/entity/Edificio.java. Using fallback presentation compiler.[0m
2026.05.11 16:06:34 INFO  no build target found for /home/notebook/Documentos/gdsi/GestorAlquileres/backend/src/main/java/com/gestion/tpbackend/entity/Edificio.java. Using fallback presentation compiler.[0m
2026.05.11 16:06:35 WARN  no build target for: /home/notebook/Documentos/gdsi/GestorAlquileres/backend/src/main/java/com/gestion/tpbackend/entity/Edificio.java[0m
2026.05.11 16:06:35 INFO  no build target found for /home/notebook/Documentos/gdsi/GestorAlquileres/backend/src/main/java/com/gestion/tpbackend/entity/Edificio.java. Using fallback presentation compiler.[0m
2026.05.11 16:06:35 INFO  no build target found for /home/notebook/Documentos/gdsi/GestorAlquileres/backend/src/main/java/com/gestion/tpbackend/entity/Edificio.java. Using fallback presentation compiler.[0m
2026.05.11 16:06:35 INFO  no build target found for /home/notebook/Documentos/gdsi/GestorAlquileres/backend/src/main/java/com/gestion/tpbackend/entity/Edificio.java. Using fallback presentation compiler.[0m
2026.05.11 16:06:37 WARN  no build target for: /home/notebook/Documentos/gdsi/GestorAlquileres/backend/src/main/java/com/gestion/tpbackend/entity/Edificio.java[0m
2026.05.11 16:30:10 ERROR Unexpected error initializing server: 
org.eclipse.lsp4j.jsonrpc.ResponseErrorException: Request window/showMessageRequest failed with message: Canceled
	at org.eclipse.lsp4j.jsonrpc.RemoteEndpoint.handleResponse(RemoteEndpoint.java:214)
	at org.eclipse.lsp4j.jsonrpc.RemoteEndpoint.consume(RemoteEndpoint.java:198)
	at org.eclipse.lsp4j.jsonrpc.json.StreamMessageProducer.handleMessage(StreamMessageProducer.java:189)
	at org.eclipse.lsp4j.jsonrpc.json.StreamMessageProducer.listen(StreamMessageProducer.java:97)
	at org.eclipse.lsp4j.jsonrpc.json.ConcurrentMessageProcessor.run(ConcurrentMessageProcessor.java:97)
	at java.util.concurrent.Executors$RunnableAdapter.call(Executors.java:572)
	at java.util.concurrent.FutureTask.run(FutureTask.java:317)
	at java.util.concurrent.ThreadPoolExecutor.runWorker(ThreadPoolExecutor.java:1144)
	at java.util.concurrent.ThreadPoolExecutor$Worker.run(ThreadPoolExecutor.java:642)
	at java.lang.Thread.run(Thread.java:1583)
[0m
